-- --------------------------------------------------------
-- Servidor:                     127.0.0.1
-- Versão do servidor:           10.4.32-MariaDB - mariadb.org binary distribution
-- OS do Servidor:               Win64
-- HeidiSQL Versão:              12.10.0.7000
-- --------------------------------------------------------

/*!40101 SET @OLD_CHARACTER_SET_CLIENT=@@CHARACTER_SET_CLIENT */;
/*!40101 SET NAMES utf8 */;
/*!50503 SET NAMES utf8mb4 */;
/*!40103 SET @OLD_TIME_ZONE=@@TIME_ZONE */;
/*!40103 SET TIME_ZONE='+00:00' */;
/*!40014 SET @OLD_FOREIGN_KEY_CHECKS=@@FOREIGN_KEY_CHECKS, FOREIGN_KEY_CHECKS=0 */;
/*!40101 SET @OLD_SQL_MODE=@@SQL_MODE, SQL_MODE='NO_AUTO_VALUE_ON_ZERO' */;
/*!40111 SET @OLD_SQL_NOTES=@@SQL_NOTES, SQL_NOTES=0 */;


-- Copiando estrutura do banco de dados para system_crednosso
CREATE DATABASE IF NOT EXISTS `system_crednosso` /*!40100 DEFAULT CHARACTER SET utf8mb4 COLLATE utf8mb4_general_ci */;
USE `system_crednosso`;

-- Copiando estrutura para tabela system_crednosso.atm
CREATE TABLE IF NOT EXISTS `atm` (
  `id` int(11) NOT NULL AUTO_INCREMENT,
  `id_system` int(11) NOT NULL,
  `name` varchar(191) NOT NULL,
  `short_name` varchar(191) NOT NULL,
  `id_treasury` int(11) NOT NULL,
  `cassete_A` int(11) NOT NULL,
  `cassete_B` int(11) NOT NULL,
  `cassete_C` int(11) NOT NULL,
  `cassete_D` int(11) NOT NULL,
  `status` tinyint(1) NOT NULL DEFAULT 1,
  `number_store` int(11) NOT NULL,
  `createdAt` datetime(3) NOT NULL DEFAULT current_timestamp(3),
  `updatedAt` datetime(3) NOT NULL DEFAULT current_timestamp(3),
  PRIMARY KEY (`id`),
  UNIQUE KEY `Atm_name_key` (`name`),
  UNIQUE KEY `Atm_short_name_key` (`short_name`),
  UNIQUE KEY `Atm_id_system_key` (`id_system`),
  KEY `Atm_id_treasury_fkey` (`id_treasury`),
  CONSTRAINT `Atm_id_treasury_fkey` FOREIGN KEY (`id_treasury`) REFERENCES `treasury` (`id`) ON UPDATE CASCADE
) ENGINE=InnoDB AUTO_INCREMENT=193 DEFAULT CHARSET=utf8mb4 COLLATE=utf8mb4_unicode_ci;

-- Copiando dados para a tabela system_crednosso.atm: ~192 rows (aproximadamente)
INSERT INTO `atm` (`id`, `id_system`, `name`, `short_name`, `id_treasury`, `cassete_A`, `cassete_B`, `cassete_C`, `cassete_D`, `status`, `number_store`, `createdAt`, `updatedAt`) VALUES
	(1, 1, 'SUPER COHAMA 01', 'SUP COHAMA 01', 81, 10, 20, 50, 100, 1, 13, '2025-03-28 21:02:34.802', '2025-03-28 21:02:34.802'),
	(2, 3, 'SUPER TURU 1', 'SUPER TURU 1', 88, 10, 20, 50, 100, 1, 67, '2025-03-28 21:03:00.581', '2025-03-28 21:03:00.581'),
	(3, 5, 'SUPER SANTA INES 1', 'S SANTA INES 1', 91, 10, 20, 50, 100, 1, 9, '2025-03-28 21:03:32.165', '2025-03-28 21:03:32.165'),
	(4, 6, 'MIX MARABA 1', 'MIX MARABA 1', 51, 10, 20, 50, 100, 1, 63, '2025-03-28 21:03:52.629', '2025-03-28 21:03:52.629'),
	(5, 7, 'MIX MARABA 2', 'MIX MARABA 2', 51, 10, 20, 50, 100, 1, 63, '2025-03-28 21:04:10.028', '2025-03-28 21:04:10.028'),
	(6, 8, 'SUPER MARABA 1', 'SUPER MARABA 1', 50, 10, 20, 50, 100, 1, 64, '2025-03-28 21:04:28.668', '2025-03-28 21:04:28.668'),
	(7, 9, 'MIX SANTA INES 1', 'M SANTA INES 1', 90, 10, 20, 50, 100, 1, 40, '2025-03-28 21:04:52.115', '2025-03-28 21:04:52.115'),
	(8, 14, 'MIX GUAJAJARAS 1', 'GUAJAJARAS-1', 83, 10, 20, 50, 100, 1, 3, '2025-03-28 21:05:30.389', '2025-03-28 21:05:30.389'),
	(9, 16, 'MIX CURVA DO NOVENTA 1', 'M CURVA DO 90 1', 82, 10, 20, 50, 100, 1, 46, '2025-03-28 21:05:48.541', '2025-03-28 21:05:48.541'),
	(10, 17, 'MIX MAIOBAO 01', 'MIX MAIOBAO 01', 150, 10, 20, 50, 100, 1, 6, '2025-03-28 21:06:06.609', '2025-03-28 21:06:06.609'),
	(11, 18, 'MIX JOAO PAULO 1', 'JOAO PAULO-1', 146, 10, 20, 50, 100, 1, 21, '2025-03-28 21:06:30.412', '2025-03-28 21:06:30.412'),
	(12, 19, 'CD 02 ARMAZEM BR 1', 'CD2-1', 8, 10, 20, 50, 100, 1, 14, '2025-03-28 21:06:49.935', '2025-03-28 21:06:49.935'),
	(13, 21, 'SUPER GOIAS 01', 'SUPER GOIAS 01', 142, 10, 20, 50, 100, 1, 7, '2025-03-28 21:07:11.994', '2025-03-28 21:07:11.994'),
	(14, 22, 'SUPER MATEUS ACAILANDIA 1', 'S ACAILANDIA 1', 105, 10, 20, 50, 100, 1, 1, '2025-03-28 21:07:39.389', '2025-03-28 21:07:39.389'),
	(15, 23, 'MIX BACURI 1', 'MIX BACURI 1', 145, 10, 20, 50, 100, 1, 35, '2025-03-28 21:08:00.733', '2025-03-28 21:08:00.733'),
	(16, 24, 'CEARA 1', 'CEARA 1', 144, 10, 20, 50, 100, 1, 10, '2025-03-28 21:08:22.395', '2025-03-28 21:08:22.395'),
	(17, 25, 'MIX TAMANDARE 1', 'MIX TAMANDARE 1', 143, 10, 20, 50, 100, 1, 27, '2025-03-28 21:08:39.993', '2025-03-28 21:08:39.993'),
	(18, 26, 'HIPER BALSAS 1', 'HIPER BALSAS 1', 118, 10, 20, 50, 100, 1, 18, '2025-03-28 21:08:56.744', '2025-03-28 21:08:56.744'),
	(19, 27, 'HIPER BALSAS 2', 'HIPER BALSAS 2', 118, 10, 20, 50, 100, 1, 18, '2025-03-28 21:09:10.538', '2025-03-28 21:09:10.538'),
	(20, 28, 'SUPER MATEUS ACAILANDIA 2', 'S ACAILANDIA 2', 105, 10, 20, 50, 100, 1, 1, '2025-03-28 21:09:39.797', '2025-03-28 21:09:39.797'),
	(21, 32, 'CD 02 ARMAZEM BR 2', 'CD2-2', 8, 10, 20, 50, 100, 1, 14, '2025-03-28 21:10:14.591', '2025-03-28 21:10:14.591'),
	(22, 36, 'COHAB 1', 'COHAB 1', 147, 10, 20, 50, 100, 1, 5, '2025-03-28 21:10:31.212', '2025-03-28 21:10:31.212'),
	(23, 38, 'SUPER MARABA 2', 'SUPER MARABA 2', 50, 10, 20, 50, 100, 1, 64, '2025-03-28 21:10:46.880', '2025-03-28 21:10:46.880'),
	(24, 39, 'CAJAZEIRAS 1', 'CAJAZEIRAS 1', 148, 10, 20, 50, 100, 1, 49, '2025-03-28 21:11:05.148', '2025-03-28 21:11:05.148'),
	(25, 41, 'TURU VELHO 1', 'TURU VELHO 1', 88, 10, 20, 50, 100, 1, 19, '2025-03-28 21:11:35.900', '2025-03-28 21:11:35.900'),
	(26, 42, 'RIO ANIL 1', 'RIO ANIL 1', 94, 10, 20, 50, 100, 1, 33, '2025-03-28 21:12:05.018', '2025-03-28 21:12:05.018'),
	(27, 43, 'CD87 IMPERATRIZ 01', 'CD87-01', 9, 20, 50, 50, 100, 1, 96, '2025-03-28 21:12:22.699', '2025-03-28 22:33:57.764'),
	(28, 44, 'CD87 IMPERATRIZ 02', 'CD87-02', 9, 10, 20, 50, 100, 1, 96, '2025-03-28 21:12:40.853', '2025-03-28 21:12:40.853'),
	(29, 45, 'SUPER PARAUAPEBAS 1', 'S PARAUAPEBAS 1', 40, 10, 20, 50, 100, 1, 84, '2025-03-28 21:13:06.349', '2025-03-28 21:13:06.349'),
	(30, 46, 'SUPER PARAUAPEBAS 2', 'S PARAUAPEBAS 2', 40, 10, 20, 50, 100, 1, 84, '2025-03-28 21:13:27.279', '2025-03-28 21:13:27.279'),
	(31, 48, 'PATIO NORTE 1', 'PATIO NORTE 1', 95, 10, 20, 50, 100, 1, 92, '2025-03-28 21:13:46.547', '2025-03-28 21:13:46.547'),
	(32, 51, 'BACANGA 1', 'BACANGA 1', 98, 10, 20, 50, 100, 1, 93, '2025-03-28 21:14:10.678', '2025-03-28 21:14:10.678'),
	(33, 57, 'MIX BALSAS 01', 'MIX BALSAS 01', 117, 10, 20, 50, 100, 1, 30, '2025-03-28 21:14:30.435', '2025-03-28 21:14:30.435'),
	(34, 60, 'SUPER COHATRAC 2', 'SUP COHATRAC 2', 115, 10, 20, 50, 100, 1, 36, '2025-03-28 21:15:15.151', '2025-03-28 21:15:15.151'),
	(35, 61, 'CALHAU 2', 'CALHAU 2', 89, 10, 20, 50, 100, 1, 31, '2025-03-28 21:15:31.632', '2025-03-28 21:15:31.632'),
	(36, 65, 'CIDADE OPERARIA 2', 'CID OPERARIA 2', 126, 10, 20, 50, 100, 1, 8, '2025-03-28 21:15:49.782', '2025-03-28 21:15:49.782'),
	(37, 68, 'ADMINISTRATIVO COHAMA 01', 'ADM COHAMA 01', 8, 10, 20, 50, 100, 1, 13, '2025-03-28 21:16:15.699', '2025-03-28 21:16:15.699'),
	(38, 72, 'JARDIM TROPICAL 1', 'JD TROPICAL 1', 84, 10, 20, 50, 100, 1, 48, '2025-03-28 21:17:09.173', '2025-03-28 21:17:09.173'),
	(39, 76, 'CD87 IMPERATRIZ 03', 'CD87-03', 9, 10, 20, 50, 100, 1, 96, '2025-03-28 21:17:59.489', '2025-03-28 21:17:59.489'),
	(40, 77, 'SHOPPING DA ILHA 1', 'SHOP DA ILHA 1', 92, 10, 20, 50, 100, 1, 45, '2025-03-28 21:18:29.860', '2025-03-28 21:18:29.860'),
	(41, 86, 'MIX TIMON 01', 'MIX TIMON 01', 66, 10, 20, 50, 100, 1, 70, '2025-03-28 21:19:04.502', '2025-03-28 21:19:04.502'),
	(42, 87, 'MIX TIMON 02', 'MIX TIMON 02', 66, 10, 20, 50, 100, 1, 70, '2025-03-28 21:19:18.470', '2025-03-28 21:19:18.470'),
	(43, 90, 'JARDELANDIA 02', 'JARDELANDIA 02', 48, 10, 20, 50, 100, 1, 144, '2025-03-28 21:19:54.315', '2025-03-28 21:19:54.315'),
	(44, 91, 'JARDELANDIA 03', 'JARDELANDIA 03', 48, 10, 20, 50, 100, 1, 144, '2025-03-28 21:20:09.412', '2025-03-28 21:20:09.412'),
	(45, 92, 'SUPER BELEM 01', 'SUPER BELEM 01', 45, 10, 20, 50, 100, 1, 145, '2025-03-28 21:20:44.253', '2025-03-28 21:20:44.253'),
	(46, 93, 'SUPER BELEM 02', 'SUPER BELEM 02', 45, 10, 20, 50, 100, 1, 145, '2025-03-28 21:21:01.187', '2025-03-28 21:21:01.187'),
	(47, 96, 'SUPER CASTANHAL 02', 'S CASTANHAL 02', 36, 10, 20, 50, 100, 1, 143, '2025-03-28 21:21:26.484', '2025-03-28 21:21:26.484'),
	(48, 98, 'ATM SUPER RENASCENCA 2', 'RENASCENCA-2', 128, 10, 20, 50, 100, 1, 134, '2025-03-28 21:21:51.557', '2025-03-28 21:21:51.557'),
	(49, 101, 'SUPER GOIAS 03', 'SUPER GOIAS 03', 142, 10, 20, 50, 100, 1, 7, '2025-03-28 21:22:16.932', '2025-03-28 21:22:16.932'),
	(50, 105, 'SHOP EUSEBIO 01', 'SHOP EUSEBIO 01', 15, 10, 20, 50, 100, 1, 9999, '2025-03-28 21:22:58.190', '2025-03-28 21:22:58.190'),
	(51, 106, 'SHOP EUSEBIO 02', 'SHOP EUSEBIO 02', 15, 10, 20, 50, 100, 1, 9999, '2025-03-28 21:23:27.851', '2025-03-28 21:23:27.851'),
	(52, 107, 'MIX ALTAMIRA 01', 'MIX ALTAMIRA 01', 42, 10, 20, 50, 100, 1, 124, '2025-03-28 21:23:52.788', '2025-03-28 21:23:52.788'),
	(53, 108, 'MIX ALTAMIRA 02', 'MIX ALTAMIRA 02', 42, 10, 20, 50, 100, 1, 124, '2025-03-28 21:24:09.253', '2025-03-28 21:24:09.253'),
	(54, 113, 'SUPER MAGUARI 01', 'SUPER MAGUARI 1', 44, 10, 20, 50, 100, 1, 219, '2025-03-28 21:24:35.545', '2025-03-28 21:24:35.545'),
	(55, 114, 'SUPER MAGUARI 02', 'SUPER MAGUARI 2', 44, 10, 20, 50, 100, 1, 219, '2025-03-28 21:24:51.462', '2025-03-28 21:24:51.462'),
	(56, 115, 'CD ITAPERA 01', 'CD ITAPERA 01', 8, 10, 20, 50, 100, 1, 4021, '2025-03-28 21:25:05.269', '2025-03-28 21:25:05.269'),
	(57, 116, 'CD ITAPERA 02', 'CD ITAPERA 02', 8, 10, 20, 50, 100, 1, 4021, '2025-03-28 21:25:18.686', '2025-03-28 21:25:18.686'),
	(58, 117, 'SUPER MARAMBAIA 01', 'S MARAMBAIA 01', 46, 10, 20, 50, 100, 1, 218, '2025-03-28 21:25:41.067', '2025-03-28 21:25:41.067'),
	(59, 121, 'BRD-JACUNDA 02', 'BRD-JACUNDA 02', 18, 10, 20, 50, 100, 1, 3955, '2025-03-28 21:26:02.749', '2025-03-28 21:26:02.749'),
	(60, 122, 'BRD-TUCUMA 02', 'BRD-TUCUMA 02', 17, 10, 20, 50, 100, 1, 4013, '2025-03-28 21:26:32.338', '2025-03-28 21:26:32.338'),
	(61, 126, 'MIX CHAPADINHA 01', 'M CHAPADINHA 01', 21, 10, 20, 50, 100, 1, 96, '2025-03-28 21:26:48.419', '2025-03-28 21:26:48.419'),
	(62, 133, 'MIX MATEUS ABAETETUBA 01', 'ABAETETUBA 01', 34, 10, 20, 50, 100, 1, 4063, '2025-03-28 21:27:13.985', '2025-03-28 21:27:13.985'),
	(63, 134, 'MIX MATEUS ABAETETUBA 02', 'ABAETETUBA 02', 34, 10, 20, 50, 100, 1, 4063, '2025-03-28 21:27:33.583', '2025-03-28 21:27:33.583'),
	(64, 136, 'ATM MIX CASTANHAL 02', 'MIX CASTANHAL 2', 35, 10, 20, 50, 100, 1, 4064, '2025-03-28 21:27:56.511', '2025-03-28 21:27:56.511'),
	(65, 137, 'ATM MIX PINHEIRO 01', 'MIX PINHEIRO 01', 33, 10, 20, 50, 100, 1, 4130, '2025-03-28 21:28:18.437', '2025-03-28 21:28:18.437'),
	(66, 139, 'SUPER COHAMA 05', 'SUP COHAMA 05', 81, 10, 20, 50, 100, 1, 4671, '2025-03-28 21:28:41.112', '2025-03-28 21:28:41.112'),
	(67, 140, 'CAMINO S J RIBAMAR 01', 'CAMINO SJR 01', 99, 10, 20, 50, 100, 1, 4031, '2025-03-28 21:29:00.169', '2025-03-28 21:29:00.169'),
	(68, 150, 'BRD-BACABAL 1', 'BRD-BACABAL 1', 19, 10, 20, 50, 100, 1, 11, '2025-03-28 21:29:25.152', '2025-03-28 21:29:25.152'),
	(69, 151, 'BRD-CHAPADINHA 03', 'BRD-CHAPADINH 3', 21, 10, 20, 50, 100, 1, 96, '2025-03-28 21:29:44.816', '2025-03-28 21:29:44.816'),
	(70, 152, 'MIX MATEUS ACAILANDIA 1', 'MIX ACAILANDIA1', 104, 10, 20, 50, 100, 1, 4328, '2025-03-28 21:30:05.033', '2025-03-28 21:30:05.033'),
	(71, 153, 'MIX MATEUS ACAILANDIA 2', 'MIX ACAILANDIA2', 104, 10, 20, 50, 100, 1, 4328, '2025-03-28 21:30:32.166', '2025-03-28 21:30:32.166'),
	(72, 154, 'BRD-NOVO COHATRAC 01', 'BRD-NOV COHA 01', 26, 10, 20, 50, 100, 1, 4326, '2025-03-28 21:30:52.504', '2025-03-28 21:30:52.504'),
	(73, 156, 'MIX ATACAREJO MARITUBA 01', 'MIX MARITUBA 01', 43, 10, 20, 50, 100, 1, 4296, '2025-03-28 21:31:19.783', '2025-03-28 21:31:19.783'),
	(74, 157, 'MIX ATACAREJO MARITUBA 02', 'MIX MARITUBA 02', 43, 10, 20, 50, 100, 1, 4296, '2025-03-28 21:31:37.860', '2025-03-28 21:31:37.860'),
	(75, 158, 'BRD-SUPER MATEUS ANIL 01', 'BRD-SUP ANIL 01', 113, 10, 20, 50, 100, 1, 4329, '2025-03-28 21:31:58.881', '2025-03-28 21:31:58.881'),
	(76, 161, 'MIX ATACAREJO CAXIAS 02', 'MIX CAXIAS 02', 20, 10, 20, 50, 100, 1, 69, '2025-03-28 21:32:23.905', '2025-03-28 21:32:23.905'),
	(77, 162, 'BRD-CAXIAS 03', 'BRD-CAXIAS 03', 20, 10, 20, 50, 100, 1, 69, '2025-03-28 21:32:44.721', '2025-03-28 21:32:44.721'),
	(78, 164, 'MIX PARAUAPEBAS 01', 'M PARAUAPEBAS 1', 41, 10, 20, 50, 100, 1, 4471, '2025-03-28 21:33:10.971', '2025-03-28 21:33:10.971'),
	(79, 165, 'MIX PARAUAPEBAS 02', 'M PARAUAPEBAS 2', 41, 10, 20, 50, 100, 1, 4471, '2025-03-28 21:33:27.096', '2025-03-28 21:33:27.096'),
	(80, 166, 'MIX INFRAERO 01', 'MIX INFRAERO 01', 47, 10, 20, 50, 100, 1, 4446, '2025-03-28 21:33:46.337', '2025-03-28 21:33:46.337'),
	(81, 167, 'MIX INFRAERO 02', 'MIX INFRAERO 02', 47, 10, 20, 50, 100, 1, 4446, '2025-03-28 21:33:59.991', '2025-03-28 21:33:59.991'),
	(82, 168, 'CD87 IMPERATRIZ 04', 'CD87-04', 9, 10, 20, 50, 100, 1, 96, '2025-03-28 21:34:24.209', '2025-03-28 21:34:24.209'),
	(83, 172, 'BRD -MIX ARACAGY 02', 'BRD-MIX ARACAGY', 114, 10, 20, 50, 100, 1, 4485, '2025-03-28 21:34:45.273', '2025-03-28 21:34:45.273'),
	(84, 175, 'BRD-MIX PARNAIBA 03', 'BRD-PARNAIBA 03', 23, 10, 20, 50, 100, 1, 4572, '2025-03-28 21:35:10.211', '2025-03-28 21:35:10.211'),
	(85, 176, 'BRD-CAMINO CONCEICAO DO ARAGUAIA', 'BRD-CAMI C ARAG', 24, 10, 20, 50, 100, 1, 4553, '2025-03-28 21:35:29.519', '2025-03-28 21:35:29.519'),
	(86, 177, 'BRD-MIX BABACULANDIA 01', 'BRD-BABACULA 01', 27, 10, 20, 50, 100, 1, 43, '2025-03-28 21:35:49.623', '2025-03-28 21:35:49.623'),
	(87, 178, 'MIX BABACULANDIA 02', 'MIX BABACULA 02', 27, 10, 20, 50, 100, 1, 43, '2025-03-28 21:36:08.750', '2025-03-28 21:36:08.750'),
	(88, 180, 'BRD-SUPER CODO 02', 'BRD-SUP CODO 02', 28, 10, 20, 50, 100, 1, 4596, '2025-03-28 21:36:41.509', '2025-03-28 21:36:41.509'),
	(89, 181, 'CAMINO GRAJAU 01', 'CAMINO GRAJAU 1', 29, 10, 20, 50, 100, 1, 4447, '2025-03-28 21:37:04.312', '2025-03-28 21:37:04.312'),
	(90, 183, 'BRD-MIX FORQUILHA 02', 'BRD-MIX FORQ 02', 149, 10, 20, 50, 100, 1, 4623, '2025-03-28 21:37:30.898', '2025-03-28 21:37:30.898'),
	(91, 186, 'TUCUMA 03', 'TUCUMA 03', 17, 10, 20, 50, 100, 1, 4013, '2025-03-28 21:37:47.385', '2025-03-28 21:37:47.385'),
	(92, 189, 'MIX TERESINA 003', 'MIX TERESINA 03', 65, 10, 20, 50, 100, 1, 4573, '2025-03-28 21:38:34.496', '2025-03-28 21:38:34.496'),
	(93, 190, 'MIX NOVA MARABA 1', 'NOVA MARABA 1', 30, 10, 20, 50, 100, 1, 62, '2025-03-28 21:38:55.904', '2025-03-28 21:38:55.904'),
	(94, 191, 'BRD MIX NOVA MARABA 2', 'NOVA MARABA 2', 30, 10, 20, 50, 100, 1, 62, '2025-03-28 21:39:32.658', '2025-03-28 21:39:32.658'),
	(95, 193, 'BRD-SUP TAILANDIA 02', 'BRD-SUP TAILA 2', 31, 10, 20, 50, 100, 1, 4597, '2025-03-28 21:40:21.371', '2025-03-28 21:40:21.371'),
	(96, 194, 'BRD-SUP COQUEIRO 01', 'BRD-SUP COQUE 1', 32, 10, 20, 50, 100, 1, 4598, '2025-03-28 21:40:45.756', '2025-03-28 21:40:45.756'),
	(97, 195, 'SUP COQUEIRO 02', 'SUP COQUEIRO 02', 32, 10, 20, 50, 100, 1, 4598, '2025-03-28 21:41:03.680', '2025-03-28 21:41:03.680'),
	(98, 197, 'BRD-MIX P DUTRA 2', 'BRD-MIX P DUT 2', 37, 10, 20, 50, 100, 1, 72, '2025-03-28 21:41:43.839', '2025-03-28 21:41:43.839'),
	(99, 199, 'BRD-S BARCARENA 02', 'S BARCARENA 2', 38, 10, 20, 50, 100, 1, 4600, '2025-03-28 21:42:03.536', '2025-03-28 21:42:03.536'),
	(100, 200, 'MIX CAPANEMA 01', 'MIX CAPANEMA 01', 39, 10, 20, 50, 100, 1, 4599, '2025-03-28 21:42:23.939', '2025-03-28 21:42:23.939'),
	(101, 201, 'BRD-MIX CAPANEMA 02', 'MIX CAPANEMA 02', 39, 10, 20, 50, 100, 1, 4599, '2025-03-28 21:42:51.666', '2025-03-28 21:42:51.666'),
	(102, 202, 'MIX CEASA 01', 'MIX CEASA 1', 52, 10, 20, 50, 100, 1, 4030, '2025-03-28 21:43:14.496', '2025-03-28 21:43:14.496'),
	(103, 203, 'BRD - MIX CEASA 02', 'BRD-MIX CEASA 2', 52, 10, 20, 50, 100, 1, 4030, '2025-03-28 21:43:35.765', '2025-03-28 21:43:35.765'),
	(104, 205, 'BRD - SUPER BARRA DO CORDA 2', 'BRD-B CORDA 2', 53, 10, 20, 50, 100, 1, 57, '2025-03-28 21:44:23.591', '2025-03-28 21:44:23.591'),
	(105, 206, 'BRD - MIX REDENCAO 01', 'BRD REDENCAO 1', 55, 10, 20, 50, 100, 1, 4914, '2025-03-28 21:44:46.579', '2025-03-28 21:44:46.579'),
	(106, 208, 'CAMINO BARREIRINHAS 01', 'BARREIRINHAS 1', 56, 10, 20, 50, 100, 1, 4331, '2025-03-28 21:45:32.965', '2025-03-28 21:45:32.965'),
	(107, 209, 'SUPER BURITICUPU 01', 'S BURITICUPU 01', 57, 10, 20, 50, 100, 1, 4849, '2025-03-28 21:45:55.273', '2025-03-28 21:45:55.273'),
	(108, 212, 'MIX TUCURUI 01', 'MIX TUCURUI 01', 58, 10, 20, 50, 100, 1, 4637, '2025-03-28 21:46:19.291', '2025-03-28 21:46:19.291'),
	(109, 213, 'MIX MATEUS TIANGUA 01', 'MIX TIANGUA 01', 59, 10, 20, 50, 100, 1, 4860, '2025-03-28 21:46:39.720', '2025-03-28 21:46:39.720'),
	(110, 214, 'CD 331 SANTA ISABEL 03', 'CD331 S ISABE 3', 14, 10, 20, 50, 100, 1, 9999, '2025-03-28 21:47:21.317', '2025-03-28 21:47:21.317'),
	(111, 215, 'CD 331 SANTA ISABEL 04', 'CD331 S ISABE 4', 14, 10, 20, 50, 100, 1, 9999, '2025-03-28 21:47:43.109', '2025-03-28 21:47:43.109'),
	(112, 216, 'MIX MARIO COVAS 01', 'M MARIO COVAS 1', 60, 10, 20, 50, 100, 1, 4858, '2025-03-28 21:48:12.901', '2025-03-28 21:48:12.901'),
	(113, 217, 'MIX FLORIANO 01', 'MIX FLORIANO 01', 61, 10, 20, 50, 100, 1, 5070, '2025-03-28 21:48:31.765', '2025-03-28 21:48:31.765'),
	(114, 218, 'MIX SOBRAL 01', 'MIX SOBRAL 01', 62, 10, 20, 50, 100, 1, 4968, '2025-03-28 21:48:50.123', '2025-03-28 21:48:50.123'),
	(115, 220, 'SUPER PIRIPIRI 01', 'SUP PIRIPIRI 01', 64, 10, 20, 50, 100, 1, 5228, '2025-03-28 21:49:25.468', '2025-03-28 21:49:25.468'),
	(116, 221, 'ADMINISTRATIVO 02 COHAMA 01', 'ADM02 COHAMA 1', 8, 10, 20, 50, 100, 1, 13, '2025-03-28 21:49:43.420', '2025-03-28 21:49:43.420'),
	(117, 222, 'CD335 CABO STO AGOSTINHO 01', 'CD335 S AGOST 1', 67, 10, 20, 50, 100, 1, 9999, '2025-03-28 21:50:27.850', '2025-03-28 21:50:27.850'),
	(118, 224, 'MIX PARAGOMINAS 01', 'M PARAGOMINAS 1', 71, 10, 20, 50, 100, 1, 5041, '2025-03-28 21:52:15.455', '2025-03-28 21:52:15.455'),
	(119, 225, 'SUPER ESTREITO 01', 'S ESTREITO 01', 70, 10, 20, 50, 100, 1, 5257, '2025-03-28 21:52:42.341', '2025-03-28 21:52:42.341'),
	(120, 226, 'SUPER CANAA DOS CARAJAS 01', 'SUPER CANAA 01', 69, 10, 20, 50, 100, 1, 4928, '2025-03-28 21:53:05.243', '2025-03-28 21:53:05.243'),
	(121, 227, 'MIX BRAGANCA 01', 'MIX BRAGANCA 01', 68, 10, 20, 50, 100, 1, 4999, '2025-03-28 21:53:24.892', '2025-03-28 21:53:24.892'),
	(122, 229, 'MIX MIX TIMON ALVORADA 0101', 'MIX ALVORADA 0', 72, 10, 20, 50, 100, 1, 5281, '2025-03-28 21:54:18.645', '2025-03-28 21:54:18.645'),
	(123, 230, 'SUPER CANAA DOS CARAJAS 02', 'SUPER CANAA 02', 69, 10, 20, 50, 100, 1, 4928, '2025-03-28 21:54:42.582', '2025-03-28 21:54:42.582'),
	(124, 231, 'MIX BRAGANCA 02', 'MIX BRAGANCA 02', 68, 10, 20, 50, 100, 1, 4999, '2025-03-28 21:55:09.844', '2025-03-28 21:55:09.844'),
	(125, 232, 'MIX JUAZEIRO 01', 'MIX JUAZEIRO 01', 73, 10, 20, 50, 100, 1, 5344, '2025-03-28 21:55:34.559', '2025-03-28 21:55:34.559'),
	(126, 234, 'MIX PETROLINA 01', 'MIX PETROLINA 1', 74, 10, 20, 50, 100, 1, 5243, '2025-03-28 21:56:14.683', '2025-03-28 21:56:14.683'),
	(127, 236, 'CD 336 FEIRA DE SANTANA 01', 'CD336 SANTANA 1', 75, 10, 20, 50, 100, 1, 9999, '2025-03-28 21:57:05.812', '2025-03-28 21:57:05.812'),
	(128, 238, 'MIX MAIOBAO UBATUBA 01', 'MIX UBATUBA 01', 112, 10, 20, 50, 100, 1, 5043, '2025-03-28 21:57:33.276', '2025-03-28 21:57:33.276'),
	(129, 240, 'MIX MATEUS BENGUI 01', 'MIX BENGUI 01', 76, 10, 20, 50, 100, 1, 5297, '2025-03-28 21:57:54.272', '2025-03-28 21:57:54.272'),
	(130, 241, 'MIX MATEUS BENGUI 02', 'MIX BENGUI 02', 76, 10, 20, 50, 100, 1, 5297, '2025-03-28 21:58:21.271', '2025-03-28 21:58:21.271'),
	(131, 243, 'MIX TEIXEIRA DE FREITAS 02', 'MIX TEIXEIRA 02', 77, 10, 20, 50, 100, 1, 5414, '2025-03-28 21:58:39.773', '2025-03-28 21:58:39.773'),
	(132, 244, 'MIX ITAPIPOCA 01', 'MIX ITAPIPOCA 1', 78, 10, 20, 50, 100, 1, 5372, '2025-03-28 21:59:20.667', '2025-03-28 21:59:20.667'),
	(133, 246, 'MIX ARACAJU 01', 'MIX ARACAJU 01', 79, 10, 20, 50, 100, 1, 5403, '2025-03-28 21:59:50.525', '2025-03-28 21:59:50.525'),
	(134, 248, 'SUPER CRATEUS 01', 'SUPER CRATEUS 1', 80, 10, 20, 50, 100, 1, 5541, '2025-03-28 22:00:43.600', '2025-03-28 22:00:43.600'),
	(135, 249, 'SUPER QUIXERAMOBIM 01', 'S QUIXERAMOBIM1', 85, 10, 20, 50, 100, 1, 5531, '2025-03-28 22:01:18.919', '2025-03-28 22:01:18.919'),
	(136, 250, 'MIX MACEIO NORTE 01', 'M MACEIO NORT 1', 87, 10, 20, 50, 100, 1, 5444, '2025-03-28 22:02:04.692', '2025-03-28 22:02:04.692'),
	(137, 251, '	MIX MACEIO SUL 01', 'M MACEIO SUL 1', 86, 10, 20, 50, 100, 1, 5443, '2025-03-28 22:02:46.397', '2025-03-28 22:02:46.397'),
	(138, 252, 'MIX SOUSA 01', 'MIX SOUSA 01', 93, 10, 20, 50, 100, 1, 5666, '2025-03-28 22:03:34.958', '2025-03-28 22:03:34.958'),
	(139, 253, 'MIX GUARABIRA 01', 'MIX GUARA 01', 96, 10, 20, 50, 100, 1, 5563, '2025-03-28 22:03:55.315', '2025-03-28 22:03:55.315'),
	(140, 254, 'MIX JACOBINA 01', 'MIX JACOBINA 01', 97, 10, 20, 50, 100, 1, 5529, '2025-03-28 22:04:15.752', '2025-03-28 22:04:15.752'),
	(141, 255, 'MIX VITORIA DA CONQUISTA 01', 'M CONQUISTA 01', 100, 10, 20, 50, 100, 1, 5686, '2025-03-28 22:04:39.528', '2025-03-28 22:04:39.528'),
	(142, 256, 'MIX CAJAZEIRAS PB 01', 'MIX CAJA PB 01', 101, 10, 20, 50, 100, 1, 5600, '2025-03-28 22:05:00.670', '2025-03-28 22:05:00.670'),
	(143, 257, 'MIX PORTO SEGURO 01', 'M PORTO SEGURO1', 102, 10, 20, 50, 100, 1, 5688, '2025-03-28 22:05:23.621', '2025-03-28 22:05:23.621'),
	(144, 258, 'MIX BALSAS POTOSI 01', 'MIX POTOSI 01', 103, 10, 20, 50, 100, 1, 5605, '2025-03-28 22:05:52.021', '2025-03-28 22:05:52.021'),
	(145, 259, 'MIX CONCEICAO DO COITE 01', 'MIX COITE 01', 106, 10, 20, 50, 100, 1, 521, '2025-03-28 22:06:33.086', '2025-03-28 22:06:33.086'),
	(146, 260, 'MIX MARACANAU 01', 'MIX MARACANAU 1', 107, 10, 20, 50, 100, 1, 5707, '2025-03-28 22:07:14.399', '2025-03-28 22:07:14.399'),
	(147, 261, 'MIX CAMPINA GRANDE 01', 'M CAMP GRANDE 1', 108, 10, 20, 50, 100, 1, 5623, '2025-03-28 22:07:46.633', '2025-03-28 22:07:46.633'),
	(148, 262, 'HIPER JOAO PESSOA PB 01', 'HIP JO PESSOA 1', 109, 10, 20, 50, 100, 1, 5733, '2025-03-28 22:08:05.730', '2025-03-28 22:08:05.730'),
	(149, 263, 'MIX HENRIQUE JORGE 01', 'MIX HENRIQUE 01', 110, 10, 20, 50, 100, 1, 5719, '2025-03-28 22:08:40.099', '2025-03-28 22:08:40.099'),
	(150, 264, 'MIX MARANGUAPE 01', 'M MARANGUAPE 01', 111, 10, 20, 50, 100, 1, 5753, '2025-03-28 22:09:26.527', '2025-03-28 22:09:26.527'),
	(151, 265, 'SUPER COELHO NETO 01', 'S COELHO NETO 1', 116, 10, 20, 50, 100, 1, 5717, '2025-03-28 22:09:59.816', '2025-03-28 22:09:59.816'),
	(152, 267, 'CD343 CONDE 01', 'CD343 CONDE 1', 122, 10, 20, 50, 100, 1, 9999, '2025-03-28 22:10:32.448', '2025-03-28 22:10:32.448'),
	(153, 268, 'MIX BAYEUX 01', 'MIX BAYEUX 01', 120, 10, 20, 50, 100, 1, 5745, '2025-03-28 22:10:49.704', '2025-03-28 22:10:49.704'),
	(154, 269, 'MIX CABEDELO 01', 'MIX CABEDELO 01', 121, 10, 20, 50, 100, 1, 5716, '2025-03-28 22:11:07.574', '2025-03-28 22:11:07.574'),
	(155, 270, 'MIX CANINDE 01', 'M CANINDE 01', 123, 10, 20, 50, 100, 1, 5755, '2025-03-28 22:11:34.977', '2025-03-28 22:11:34.977'),
	(156, 271, 'MIX JUAZRO DO NORTE 01', 'M JUAZRO DO NOR', 124, 10, 20, 50, 100, 1, 5483, '2025-03-28 22:12:04.485', '2025-03-28 22:12:04.485'),
	(157, 272, 'MIX ARACATI 01', 'MIX ARACATI 01', 125, 10, 20, 50, 100, 1, 5768, '2025-03-28 22:12:21.888', '2025-03-28 22:12:21.888'),
	(158, 273, 'CD342 MARACANAU 01', 'CD342 MARACANAU', 15, 10, 20, 50, 100, 1, 9999, '2025-03-28 22:13:08.386', '2025-03-28 22:13:08.386'),
	(159, 274, 'MIX PEIXINHOS 01', 'MIX PEIXINHOS 1', 129, 10, 20, 50, 100, 1, 5756, '2025-03-28 22:13:34.658', '2025-03-28 22:13:34.658'),
	(160, 275, 'MIX AREIAS 01', 'MIX AREIAS 01', 130, 10, 20, 50, 100, 1, 5622, '2025-03-28 22:13:52.803', '2025-03-28 22:13:52.803'),
	(161, 276, 'MIX BIG OLINDA 01', 'M BIG OLINDA 01', 131, 10, 20, 50, 100, 1, 5736, '2025-03-28 22:14:22.088', '2025-03-28 22:14:22.088'),
	(162, 277, 'SUPER RIOD 01', 'SUPER RIOD 01', 132, 10, 20, 50, 100, 1, 5674, '2025-03-28 22:14:41.326', '2025-03-28 22:14:41.326'),
	(163, 278, 'MIX PATOS 01', 'MIX PATOS 01', 133, 10, 20, 50, 100, 1, 5750, '2025-03-28 22:15:11.458', '2025-03-28 22:15:11.458'),
	(164, 279, 'MIX ITABUNA 01', 'MIX ITABUNA 01', 134, 10, 20, 50, 100, 1, 5751, '2025-03-28 22:15:27.234', '2025-03-28 22:15:27.234'),
	(165, 280, 'MIX NOSSA SENHORA DA GLORIA 01', 'M DA GLORIA 01', 135, 10, 20, 50, 100, 1, 5735, '2025-03-28 22:15:47.010', '2025-03-28 22:15:47.010'),
	(166, 281, 'MIX JANGA 01', 'MIX JANGA 01', 136, 10, 20, 50, 100, 1, 5785, '2025-03-28 22:16:06.542', '2025-03-28 22:16:06.542'),
	(167, 282, 'CD338 ALTOS 01', 'CD338 ALTOS 01', 12, 10, 20, 50, 100, 1, 9999, '2025-03-28 22:16:24.127', '2025-03-28 22:16:24.127'),
	(168, 283, 'CD338 ALTOS 02', 'CD338 ALTOS 02', 12, 10, 20, 50, 100, 1, 9999, '2025-03-28 22:16:40.886', '2025-03-28 22:16:40.886'),
	(169, 284, 'MIX TABULEIRO 01', 'MIX TABULEIRO 1', 138, 10, 20, 50, 100, 1, 5752, '2025-03-28 22:17:03.632', '2025-03-28 22:17:03.632'),
	(170, 285, 'MIX ANTARES 01', 'MIX ANTARES 01', 139, 10, 20, 50, 100, 1, 5779, '2025-03-28 22:17:24.099', '2025-03-28 22:17:24.099'),
	(171, 286, 'MIX SANTO AMARO 01', 'M SANTO AMARO 1', 140, 10, 20, 50, 100, 1, 5658, '2025-03-28 22:17:45.702', '2025-03-28 22:17:45.702'),
	(172, 287, 'MIX BONGI 01', 'MIX BONGI 01', 141, 10, 20, 50, 100, 1, 5712, '2025-03-28 22:18:03.992', '2025-03-28 22:18:03.992'),
	(173, 288, 'MIX CAXANGA 01', 'MIX CAXANGA 01', 151, 10, 20, 50, 100, 1, 5784, '2025-03-28 22:18:26.743', '2025-03-28 22:18:26.743'),
	(174, 289, 'MIX MARANGUAPE PAULISTA 01', 'MIX PAULISTA 01', 152, 10, 20, 50, 100, 1, 5754, '2025-03-28 22:18:49.243', '2025-03-28 22:18:49.243'),
	(175, 290, 'SUPER ALEMANHA 01', 'S ALEMANHA 01', 153, 10, 20, 50, 100, 1, 5792, '2025-03-28 22:19:11.509', '2025-03-28 22:19:11.509'),
	(176, 291, 'MIX RUSSAS 01', 'MIX RUSSAS 01', 154, 10, 20, 50, 100, 1, 5761, '2025-03-28 22:19:41.443', '2025-03-28 22:19:41.443'),
	(177, 292, 'SUPER SAO RAIMUNDO 01', 'SAO RAIMUNDO 01', 155, 10, 20, 50, 100, 1, 5996, '2025-03-28 22:20:18.770', '2025-03-28 22:20:18.770'),
	(178, 293, 'MIX CARUARU UNIVERSITARIO 01', 'M CARU UNVERST1', 161, 10, 20, 50, 100, 1, 5998, '2025-03-28 22:20:37.144', '2025-03-28 22:20:37.144'),
	(179, 294, 'MIX EUNAPOLIS 01', 'MIX EUNAPOLIS 1', 157, 10, 20, 50, 100, 1, 5920, '2025-03-28 22:20:58.753', '2025-03-28 22:20:58.753'),
	(180, 295, 'SUPER RAPOSA 01', 'SUPER RAPOSA 01', 158, 10, 20, 50, 100, 1, 5915, '2025-03-28 22:21:51.383', '2025-03-28 22:21:51.383'),
	(181, 296, 'MIX BARREIRINHAS 01', 'M BARREIRINHAS1', 159, 10, 20, 50, 100, 1, 5995, '2025-03-28 22:22:11.593', '2025-03-28 22:22:11.593'),
	(182, 297, 'MIX CAUCAIA 01', 'MIX CAUCAIA 01', 160, 10, 20, 50, 100, 1, 5999, '2025-03-28 22:22:29.930', '2025-03-28 22:22:29.930'),
	(183, 298, 'MIX MARACANAU 02', 'MIX MARACANAU 2', 107, 10, 20, 50, 100, 1, 5707, '2025-03-28 22:22:49.154', '2025-03-28 22:22:49.154'),
	(184, 299, 'MIX VALENTINA 01', 'MIX VALENTINA 1', 162, 10, 20, 50, 100, 1, 5976, '2025-03-28 22:23:13.458', '2025-03-28 22:23:13.458'),
	(185, 300, 'CD348 MACEIO 01', 'CD348 MACEIO 01', 163, 10, 20, 50, 100, 1, 9999, '2025-03-28 22:23:30.186', '2025-03-28 22:23:30.186'),
	(186, 301, 'MIX JOSE WALTER 01', 'MIX J WALTER 01', 164, 10, 20, 50, 100, 1, 5916, '2025-03-28 22:23:48.738', '2025-03-28 22:23:48.738'),
	(187, 302, 'HIPER CASA FORTE 01', 'CASA FORTE 01', 165, 10, 20, 50, 100, 1, 6331, '2025-03-28 22:24:08.505', '2025-03-28 22:24:08.505'),
	(188, 303, 'MIX BOA VIAGEM 01', 'M BOA VIAGEM 01', 166, 10, 20, 50, 100, 1, 5780, '2025-03-28 22:24:26.379', '2025-03-28 22:24:26.379'),
	(189, 304, 'MIX JABOATAO 01', 'MIX JABOATAO 01', 168, 10, 20, 50, 100, 1, 6024, '2025-03-28 22:24:42.187', '2025-03-28 22:24:42.187'),
	(190, 305, 'SUPER REI DE FRANCA 01', 'SUPER REI 01', 167, 10, 20, 50, 100, 1, 6020, '2025-03-28 22:25:01.705', '2025-03-28 22:25:01.705'),
	(191, 306, 'SUPER SAO MATEUS 01', 'SAO MATEUS 01', 169, 10, 20, 50, 100, 1, 6103, '2025-03-28 22:25:23.908', '2025-03-28 22:25:23.908'),
	(192, 307, 'MIX ILHEUS 01', 'MIX ILHEUS 01', 171, 10, 20, 50, 100, 1, 6107, '2025-03-28 22:25:43.108', '2025-03-28 22:25:43.108');

-- Copiando estrutura para tabela system_crednosso.contact
CREATE TABLE IF NOT EXISTS `contact` (
  `id` int(11) NOT NULL AUTO_INCREMENT,
  `id_treasury` int(11) NOT NULL,
  `name` varchar(191) NOT NULL,
  `email` varchar(191) NOT NULL,
  `phone` varchar(191) NOT NULL,
  `status` tinyint(1) NOT NULL DEFAULT 1,
  `createdAt` datetime(3) NOT NULL DEFAULT current_timestamp(3),
  `updatedAt` datetime(3) NOT NULL DEFAULT current_timestamp(3),
  PRIMARY KEY (`id`),
  KEY `Contact_id_treasury_fkey` (`id_treasury`),
  CONSTRAINT `Contact_id_treasury_fkey` FOREIGN KEY (`id_treasury`) REFERENCES `treasury` (`id`) ON UPDATE CASCADE
) ENGINE=InnoDB DEFAULT CHARSET=utf8mb4 COLLATE=utf8mb4_unicode_ci;

-- Copiando dados para a tabela system_crednosso.contact: ~0 rows (aproximadamente)

-- Copiando estrutura para tabela system_crednosso.operatorcard
CREATE TABLE IF NOT EXISTS `operatorcard` (
  `id` int(11) NOT NULL AUTO_INCREMENT,
  `id_treasury` int(11) NOT NULL,
  `name` varchar(191) NOT NULL,
  `number_card` varchar(191) NOT NULL,
  `status` tinyint(1) NOT NULL DEFAULT 1,
  `createdAt` datetime(3) NOT NULL DEFAULT current_timestamp(3),
  `updatedAt` datetime(3) NOT NULL DEFAULT current_timestamp(3),
  PRIMARY KEY (`id`),
  UNIQUE KEY `OperatorCard_name_key` (`name`),
  UNIQUE KEY `OperatorCard_number_card_key` (`number_card`),
  KEY `OperatorCard_id_treasury_fkey` (`id_treasury`),
  CONSTRAINT `OperatorCard_id_treasury_fkey` FOREIGN KEY (`id_treasury`) REFERENCES `treasury` (`id`) ON UPDATE CASCADE
) ENGINE=InnoDB DEFAULT CHARSET=utf8mb4 COLLATE=utf8mb4_unicode_ci;

-- Copiando dados para a tabela system_crednosso.operatorcard: ~0 rows (aproximadamente)

-- Copiando estrutura para tabela system_crednosso.order
CREATE TABLE IF NOT EXISTS `order` (
  `id` int(11) NOT NULL AUTO_INCREMENT,
  `id_type_operation` int(11) NOT NULL,
  `id_treasury_origin` int(11) NOT NULL,
  `id_treasury_destin` int(11) NOT NULL,
  `date_order` datetime(3) NOT NULL,
  `id_type_order` int(11) NOT NULL,
  `requested_value_A` int(11) NOT NULL,
  `requested_value_B` int(11) NOT NULL,
  `requested_value_C` int(11) NOT NULL,
  `requested_value_D` int(11) NOT NULL,
  `composition_change` tinyint(1) NOT NULL DEFAULT 0,
  `confirmed_value_A` int(11) NOT NULL DEFAULT 0,
  `confirmed_value_B` int(11) NOT NULL DEFAULT 0,
  `confirmed_value_C` int(11) NOT NULL DEFAULT 0,
  `confirmed_value_D` int(11) NOT NULL DEFAULT 0,
  `status_order` int(11) NOT NULL,
  `createdAt` datetime(3) NOT NULL DEFAULT current_timestamp(3),
  `updatedAt` datetime(3) NOT NULL DEFAULT current_timestamp(3),
  `observation` varchar(191) NOT NULL DEFAULT '',
  PRIMARY KEY (`id`),
  KEY `Order_id_type_operation_fkey` (`id_type_operation`),
  KEY `Order_id_treasury_origin_fkey` (`id_treasury_origin`),
  KEY `Order_id_treasury_destin_fkey` (`id_treasury_destin`),
  KEY `Order_id_type_order_fkey` (`id_type_order`),
  KEY `Order_status_order_fkey` (`status_order`),
  CONSTRAINT `Order_id_treasury_destin_fkey` FOREIGN KEY (`id_treasury_destin`) REFERENCES `treasury` (`id`) ON UPDATE CASCADE,
  CONSTRAINT `Order_id_treasury_origin_fkey` FOREIGN KEY (`id_treasury_origin`) REFERENCES `treasury` (`id`) ON UPDATE CASCADE,
  CONSTRAINT `Order_id_type_operation_fkey` FOREIGN KEY (`id_type_operation`) REFERENCES `typeoperation` (`id`) ON UPDATE CASCADE,
  CONSTRAINT `Order_id_type_order_fkey` FOREIGN KEY (`id_type_order`) REFERENCES `typeorder` (`id`) ON UPDATE CASCADE,
  CONSTRAINT `Order_status_order_fkey` FOREIGN KEY (`status_order`) REFERENCES `statusorder` (`id`) ON UPDATE CASCADE
) ENGINE=InnoDB AUTO_INCREMENT=91 DEFAULT CHARSET=utf8mb4 COLLATE=utf8mb4_unicode_ci;

-- Copiando dados para a tabela system_crednosso.order: ~90 rows (aproximadamente)
INSERT INTO `order` (`id`, `id_type_operation`, `id_treasury_origin`, `id_treasury_destin`, `date_order`, `id_type_order`, `requested_value_A`, `requested_value_B`, `requested_value_C`, `requested_value_D`, `composition_change`, `confirmed_value_A`, `confirmed_value_B`, `confirmed_value_C`, `confirmed_value_D`, `status_order`, `createdAt`, `updatedAt`, `observation`) VALUES
	(1, 2, 17, 17, '2025-04-01 00:00:00.000', 1, 100, 200, 300, 200, 0, 0, 0, 0, 0, 1, '2025-04-01 12:54:56.661', '2025-04-01 12:54:56.661', 'TROCAR TERMINAIS'),
	(2, 2, 19, 19, '2025-04-01 00:00:00.000', 1, 100, 200, 300, 400, 0, 0, 0, 0, 0, 1, '2025-04-01 12:56:10.553', '2025-04-01 12:56:10.553', ''),
	(3, 2, 20, 20, '2025-04-01 00:00:00.000', 1, 100, 200, 300, 400, 0, 0, 0, 0, 0, 1, '2025-04-01 12:56:38.786', '2025-04-01 12:56:38.786', ''),
	(4, 2, 21, 21, '2025-04-01 00:00:00.000', 1, 100, 200, 300, 400, 0, 0, 0, 0, 0, 1, '2025-04-01 12:57:16.227', '2025-04-01 12:57:16.227', ''),
	(5, 2, 22, 22, '2025-04-01 00:00:00.000', 1, 100, 200, 300, 200, 0, 0, 0, 0, 0, 1, '2025-04-01 12:57:49.326', '2025-04-01 12:57:49.326', ''),
	(6, 2, 23, 23, '2025-04-01 00:00:00.000', 1, 100, 200, 300, 400, 0, 0, 0, 0, 0, 1, '2025-04-01 12:58:18.691', '2025-04-01 12:58:18.691', ''),
	(7, 2, 26, 26, '2025-04-01 00:00:00.000', 1, 100, 200, 100, 400, 0, 0, 0, 0, 0, 1, '2025-04-01 12:58:52.881', '2025-04-01 12:58:52.881', ''),
	(8, 2, 27, 27, '2025-04-01 00:00:00.000', 1, 100, 200, 500, 500, 0, 0, 0, 0, 0, 1, '2025-04-01 12:59:39.554', '2025-04-01 12:59:39.554', ''),
	(9, 2, 30, 30, '2025-04-01 00:00:00.000', 1, 100, 200, 300, 400, 0, 0, 0, 0, 0, 1, '2025-04-01 13:01:05.771', '2025-04-01 13:01:05.771', ''),
	(10, 2, 31, 31, '2025-04-01 00:00:00.000', 1, 0, 0, 200, 200, 0, 0, 0, 0, 0, 1, '2025-04-01 13:01:37.613', '2025-04-01 13:01:37.613', ''),
	(11, 2, 32, 32, '2025-04-01 00:00:00.000', 1, 100, 200, 300, 200, 0, 0, 0, 0, 0, 1, '2025-04-01 13:02:05.521', '2025-04-01 13:02:05.521', ''),
	(12, 2, 33, 33, '2025-04-01 00:00:00.000', 1, 100, 200, 300, 400, 0, 0, 0, 0, 0, 1, '2025-04-01 13:02:43.720', '2025-04-01 13:02:43.720', ''),
	(13, 2, 34, 34, '2025-04-01 00:00:00.000', 1, 100, 200, 300, 200, 0, 0, 0, 0, 0, 1, '2025-04-01 13:03:26.843', '2025-04-01 13:03:26.843', 'abastecer terminal 134'),
	(14, 2, 35, 35, '2025-04-01 00:00:00.000', 1, 200, 400, 600, 0, 0, 0, 0, 0, 0, 1, '2025-04-01 13:04:12.961', '2025-04-01 13:04:12.961', ''),
	(15, 2, 38, 38, '2025-04-01 00:00:00.000', 1, 100, 200, 300, 200, 0, 0, 0, 0, 0, 1, '2025-04-01 13:05:22.424', '2025-04-01 13:05:22.424', ''),
	(16, 2, 39, 39, '2025-04-01 00:00:00.000', 1, 100, 200, 300, 400, 0, 0, 0, 0, 0, 1, '2025-04-01 13:06:03.281', '2025-04-01 13:06:03.281', ''),
	(17, 2, 40, 40, '2025-04-01 00:00:00.000', 1, 0, 0, 200, 200, 0, 0, 0, 0, 0, 1, '2025-04-01 13:06:45.515', '2025-04-01 13:06:45.515', 'abastecer terminal 46'),
	(18, 2, 42, 42, '2025-04-01 00:00:00.000', 1, 100, 200, 300, 200, 0, 0, 0, 0, 0, 1, '2025-04-01 13:07:23.353', '2025-04-01 13:07:23.353', 'abastecer terminal 108'),
	(19, 2, 43, 43, '2025-04-01 00:00:00.000', 1, 100, 200, 300, 400, 0, 0, 0, 0, 0, 1, '2025-04-01 13:08:08.600', '2025-04-01 13:08:08.600', ''),
	(20, 2, 44, 44, '2025-04-01 00:00:00.000', 1, 0, 0, 100, 150, 0, 0, 0, 0, 0, 1, '2025-04-01 13:08:53.311', '2025-04-01 13:08:53.311', 'abastecer terminal 114'),
	(21, 2, 46, 46, '2025-04-01 00:00:00.000', 1, 0, 0, 0, 180, 0, 0, 0, 0, 0, 1, '2025-04-01 13:09:46.291', '2025-04-01 13:09:46.291', ''),
	(22, 2, 51, 51, '2025-04-01 00:00:00.000', 1, 100, 200, 300, 400, 0, 0, 0, 0, 0, 1, '2025-04-01 13:10:40.956', '2025-04-01 13:10:40.956', ''),
	(23, 2, 52, 52, '2025-04-01 00:00:00.000', 1, 100, 200, 300, 400, 0, 0, 0, 0, 0, 1, '2025-04-01 13:11:26.147', '2025-04-01 13:11:26.147', ''),
	(24, 2, 53, 53, '2025-04-01 00:00:00.000', 1, 100, 200, 300, 300, 0, 0, 0, 0, 0, 1, '2025-04-01 13:11:56.172', '2025-04-01 13:11:56.172', ''),
	(25, 2, 55, 55, '2025-04-01 00:00:00.000', 1, 100, 200, 300, 200, 0, 0, 0, 0, 0, 1, '2025-04-01 13:12:29.214', '2025-04-01 13:12:29.214', ''),
	(26, 2, 56, 56, '2025-04-01 00:00:00.000', 1, 100, 200, 300, 100, 0, 0, 0, 0, 0, 1, '2025-04-01 13:13:09.134', '2025-04-01 13:13:09.134', 'trocar terminal'),
	(27, 2, 57, 57, '2025-04-01 00:00:00.000', 1, 100, 200, 300, 300, 0, 0, 0, 0, 0, 1, '2025-04-01 13:13:40.324', '2025-04-01 13:13:40.324', ''),
	(28, 2, 58, 58, '2025-04-01 00:00:00.000', 1, 100, 200, 300, 300, 0, 0, 0, 0, 0, 1, '2025-04-01 13:14:07.782', '2025-04-01 13:14:07.782', ''),
	(29, 2, 59, 59, '2025-04-01 00:00:00.000', 1, 100, 200, 300, 300, 0, 0, 0, 0, 0, 1, '2025-04-01 13:14:41.061', '2025-04-01 13:14:41.061', 'trocar terminal'),
	(30, 2, 61, 61, '2025-04-01 00:00:00.000', 1, 100, 200, 300, 100, 0, 0, 0, 0, 0, 1, '2025-04-01 13:16:14.890', '2025-04-01 13:16:14.890', 'trocar terminal'),
	(31, 2, 62, 62, '2025-04-01 00:00:00.000', 1, 0, 0, 100, 150, 0, 0, 0, 0, 0, 1, '2025-04-01 13:17:09.879', '2025-04-01 13:17:09.879', 'trocar terminal'),
	(32, 2, 64, 64, '2025-04-01 00:00:00.000', 1, 0, 0, 200, 200, 0, 0, 0, 0, 0, 1, '2025-04-01 13:17:44.200', '2025-04-01 13:17:44.200', ''),
	(33, 2, 66, 66, '2025-04-01 00:00:00.000', 1, 0, 0, 100, 150, 0, 0, 0, 0, 0, 1, '2025-04-01 13:18:16.245', '2025-04-01 13:18:16.245', 'abastecer terminal 87'),
	(34, 2, 68, 68, '2025-04-01 00:00:00.000', 1, 100, 200, 300, 200, 0, 0, 0, 0, 0, 1, '2025-04-01 13:18:49.774', '2025-04-01 13:18:49.774', ''),
	(35, 2, 71, 71, '2025-04-01 00:00:00.000', 1, 100, 200, 300, 300, 0, 0, 0, 0, 0, 1, '2025-04-01 13:19:30.150', '2025-04-01 13:19:30.150', ''),
	(36, 2, 72, 72, '2025-04-01 00:00:00.000', 1, 100, 200, 300, 300, 0, 0, 0, 0, 0, 1, '2025-04-01 13:19:57.821', '2025-04-01 13:19:57.821', ''),
	(37, 2, 78, 78, '2025-04-01 00:00:00.000', 1, 0, 0, 100, 150, 0, 0, 0, 0, 0, 1, '2025-04-01 13:21:10.151', '2025-04-01 13:21:10.151', 'trocar terminal'),
	(38, 2, 80, 80, '2025-04-01 00:00:00.000', 1, 0, 0, 100, 150, 0, 0, 0, 0, 0, 1, '2025-04-01 13:21:57.817', '2025-04-01 13:21:57.817', 'trocar terminal'),
	(39, 2, 81, 81, '2025-04-01 00:00:00.000', 1, 0, 0, 400, 600, 0, 0, 0, 0, 0, 1, '2025-04-01 13:22:38.339', '2025-04-01 13:22:38.339', ''),
	(40, 2, 82, 82, '2025-04-01 00:00:00.000', 1, 100, 200, 300, 400, 0, 0, 0, 0, 0, 1, '2025-04-01 13:23:03.030', '2025-04-01 13:23:03.030', ''),
	(41, 2, 83, 83, '2025-04-01 00:00:00.000', 1, 0, 0, 600, 700, 0, 0, 0, 0, 0, 1, '2025-04-01 13:23:45.004', '2025-04-01 13:23:45.004', ''),
	(42, 2, 84, 84, '2025-04-01 00:00:00.000', 1, 100, 200, 300, 300, 0, 0, 0, 0, 0, 1, '2025-04-01 13:24:23.631', '2025-04-01 13:24:23.631', ''),
	(43, 2, 88, 88, '2025-04-01 00:00:00.000', 1, 0, 0, 100, 250, 0, 0, 0, 0, 0, 1, '2025-04-01 13:25:40.361', '2025-04-01 13:25:40.361', ''),
	(44, 2, 89, 89, '2025-04-01 00:00:00.000', 1, 0, 0, 100, 150, 0, 0, 0, 0, 0, 1, '2025-04-01 13:25:59.953', '2025-04-01 13:25:59.953', ''),
	(45, 2, 90, 90, '2025-04-01 00:00:00.000', 1, 100, 200, 300, 400, 0, 0, 0, 0, 0, 1, '2025-04-01 13:26:23.950', '2025-04-01 13:26:23.950', ''),
	(46, 2, 91, 91, '2025-04-01 00:00:00.000', 1, 0, 0, 100, 150, 0, 0, 0, 0, 0, 1, '2025-04-01 13:26:50.977', '2025-04-01 13:26:50.977', ''),
	(47, 2, 92, 92, '2025-04-01 00:00:00.000', 1, 0, 0, 100, 150, 0, 0, 0, 0, 0, 1, '2025-04-01 13:28:03.440', '2025-04-01 13:28:03.440', ''),
	(48, 2, 94, 94, '2025-04-01 00:00:00.000', 1, 0, 0, 200, 400, 0, 0, 0, 0, 0, 1, '2025-04-01 13:28:48.938', '2025-04-01 13:28:48.938', ''),
	(49, 2, 95, 95, '2025-04-01 00:00:00.000', 1, 0, 0, 100, 150, 0, 0, 0, 0, 0, 1, '2025-04-01 13:29:15.049', '2025-04-01 13:29:15.049', ''),
	(50, 2, 96, 96, '2025-04-01 00:00:00.000', 1, 0, 0, 100, 150, 0, 0, 0, 0, 0, 1, '2025-04-01 13:29:43.352', '2025-04-01 13:29:43.352', 'trocar terminal'),
	(51, 2, 97, 97, '2025-04-01 00:00:00.000', 1, 0, 0, 100, 130, 0, 0, 0, 0, 0, 1, '2025-04-01 13:30:15.600', '2025-04-01 13:30:15.600', 'trocar teminal '),
	(52, 2, 98, 98, '2025-04-01 00:00:00.000', 1, 0, 0, 100, 150, 0, 0, 0, 0, 0, 1, '2025-04-01 13:30:55.258', '2025-04-01 13:30:55.258', 'troca'),
	(53, 2, 99, 99, '2025-04-01 00:00:00.000', 1, 100, 200, 500, 200, 0, 0, 0, 0, 0, 1, '2025-04-01 13:31:38.120', '2025-04-01 13:31:38.120', ''),
	(54, 2, 103, 103, '2025-04-01 00:00:00.000', 1, 100, 200, 300, 100, 0, 0, 0, 0, 0, 1, '2025-04-01 13:32:38.566', '2025-04-01 13:32:38.566', ''),
	(55, 2, 104, 104, '2025-04-01 00:00:00.000', 1, 100, 200, 300, 400, 0, 0, 0, 0, 0, 1, '2025-04-01 13:33:09.571', '2025-04-01 13:33:09.571', ''),
	(56, 2, 105, 105, '2025-04-01 00:00:00.000', 1, 0, 0, 100, 150, 0, 0, 0, 0, 0, 1, '2025-04-01 13:33:47.368', '2025-04-01 13:33:47.368', 'abastecer termimal 28'),
	(57, 2, 107, 107, '2025-04-01 00:00:00.000', 1, 100, 200, 500, 700, 0, 0, 0, 0, 0, 1, '2025-04-01 13:34:34.821', '2025-04-01 13:34:34.821', ''),
	(58, 2, 109, 109, '2025-04-01 00:00:00.000', 1, 0, 0, 100, 150, 0, 0, 0, 0, 0, 1, '2025-04-01 13:35:29.941', '2025-04-01 13:35:29.941', 'trocar terminal'),
	(59, 2, 110, 110, '2025-04-01 00:00:00.000', 1, 100, 200, 300, 300, 0, 0, 0, 0, 0, 1, '2025-04-01 13:35:56.216', '2025-04-01 13:35:56.216', ''),
	(60, 2, 111, 111, '2025-04-01 00:00:00.000', 1, 100, 200, 300, 100, 0, 0, 0, 0, 0, 1, '2025-04-01 13:36:36.993', '2025-04-01 13:36:36.993', ''),
	(61, 2, 113, 113, '2025-04-01 00:00:00.000', 1, 0, 0, 200, 400, 0, 0, 0, 0, 0, 1, '2025-04-01 13:37:22.206', '2025-04-01 13:37:22.206', ''),
	(62, 2, 114, 114, '2025-04-01 00:00:00.000', 1, 0, 0, 200, 200, 0, 0, 0, 0, 0, 1, '2025-04-01 13:37:47.500', '2025-04-01 13:37:47.500', ''),
	(63, 2, 115, 115, '2025-04-01 00:00:00.000', 1, 0, 0, 100, 150, 0, 0, 0, 0, 0, 1, '2025-04-01 13:38:39.387', '2025-04-01 13:38:39.387', ''),
	(64, 2, 116, 116, '2025-04-01 00:00:00.000', 1, 100, 200, 100, 200, 0, 0, 0, 0, 0, 1, '2025-04-01 13:39:19.073', '2025-04-01 13:39:19.073', ''),
	(65, 2, 117, 117, '2025-04-01 00:00:00.000', 1, 100, 200, 300, 400, 0, 0, 0, 0, 0, 1, '2025-04-01 13:39:53.833', '2025-04-01 13:39:53.833', ''),
	(66, 2, 118, 118, '2025-04-01 00:00:00.000', 1, 0, 100, 400, 380, 0, 0, 0, 0, 0, 1, '2025-04-01 13:41:01.129', '2025-04-01 13:41:01.129', 'abastecer terminal 26'),
	(67, 2, 126, 126, '2025-04-01 00:00:00.000', 1, 0, 0, 200, 300, 0, 0, 0, 0, 0, 1, '2025-04-01 13:42:01.191', '2025-04-01 13:42:01.191', ''),
	(68, 2, 127, 127, '2025-04-01 00:00:00.000', 1, 100, 200, 300, 300, 0, 0, 0, 0, 0, 1, '2025-04-01 13:42:39.006', '2025-04-01 13:42:39.006', ''),
	(69, 2, 128, 128, '2025-04-01 00:00:00.000', 1, 100, 200, 100, 500, 0, 0, 0, 0, 0, 1, '2025-04-01 13:43:37.106', '2025-04-01 13:43:37.106', ''),
	(70, 2, 129, 129, '2025-04-01 00:00:00.000', 1, 0, 0, 100, 130, 0, 0, 0, 0, 0, 1, '2025-04-01 13:44:02.306', '2025-04-01 13:44:02.306', 'trocar terminal'),
	(71, 2, 132, 132, '2025-04-01 00:00:00.000', 1, 0, 0, 200, 400, 0, 0, 0, 0, 0, 1, '2025-04-01 13:44:37.376', '2025-04-01 13:44:37.376', ''),
	(72, 2, 142, 142, '2025-04-01 00:00:00.000', 1, 100, 200, 300, 400, 0, 0, 0, 0, 0, 1, '2025-04-01 13:46:00.078', '2025-04-01 13:46:00.078', ''),
	(73, 2, 143, 143, '2025-04-01 00:00:00.000', 1, 0, 0, 200, 400, 0, 0, 0, 0, 0, 1, '2025-04-01 13:46:23.373', '2025-04-01 13:46:23.373', ''),
	(74, 2, 144, 144, '2025-04-01 00:00:00.000', 1, 100, 200, 300, 300, 0, 0, 0, 0, 0, 1, '2025-04-01 13:46:53.005', '2025-04-01 13:46:53.005', ''),
	(75, 2, 145, 145, '2025-04-01 00:00:00.000', 1, 0, 0, 400, 400, 0, 0, 0, 0, 0, 1, '2025-04-01 13:47:23.771', '2025-04-01 13:47:23.771', ''),
	(76, 2, 146, 146, '2025-04-01 00:00:00.000', 1, 100, 200, 300, 400, 0, 0, 0, 0, 0, 1, '2025-04-01 13:48:01.111', '2025-04-01 13:48:01.111', ''),
	(77, 2, 147, 147, '2025-04-01 00:00:00.000', 1, 0, 0, 200, 400, 0, 0, 0, 0, 0, 1, '2025-04-01 13:48:26.278', '2025-04-01 13:48:26.278', ''),
	(78, 2, 148, 148, '2025-04-01 00:00:00.000', 1, 0, 0, 100, 130, 0, 0, 0, 0, 0, 1, '2025-04-01 13:49:09.224', '2025-04-01 13:49:09.224', ''),
	(79, 2, 149, 149, '2025-04-01 00:00:00.000', 1, 100, 200, 500, 500, 0, 0, 0, 0, 0, 1, '2025-04-01 13:49:47.126', '2025-04-01 13:49:47.126', ''),
	(80, 2, 150, 150, '2025-04-01 00:00:00.000', 1, 0, 100, 200, 180, 0, 0, 0, 0, 0, 1, '2025-04-01 13:50:31.717', '2025-04-01 13:50:31.717', ''),
	(81, 2, 152, 152, '2025-04-01 00:00:00.000', 1, 0, 0, 100, 130, 0, 0, 0, 0, 0, 1, '2025-04-01 13:51:12.248', '2025-04-01 13:51:12.248', 'trocar terminal'),
	(82, 2, 155, 155, '2025-04-01 00:00:00.000', 1, 100, 200, 300, 300, 0, 0, 0, 0, 0, 1, '2025-04-01 13:52:06.766', '2025-04-01 13:52:06.766', ''),
	(83, 2, 158, 158, '2025-04-01 00:00:00.000', 1, 0, 0, 200, 200, 0, 0, 0, 0, 0, 1, '2025-04-01 13:53:22.524', '2025-04-01 13:53:22.524', ''),
	(84, 2, 160, 160, '2025-04-01 00:00:00.000', 1, 100, 200, 300, 300, 0, 0, 0, 0, 0, 1, '2025-04-01 13:54:08.633', '2025-04-01 13:54:08.633', ''),
	(85, 2, 162, 162, '2025-04-01 00:00:00.000', 1, 0, 0, 100, 130, 0, 0, 0, 0, 0, 1, '2025-04-01 13:54:56.179', '2025-04-01 13:54:56.179', 'trocar terminal'),
	(86, 2, 164, 164, '2025-04-01 00:00:00.000', 1, 0, 0, 100, 150, 0, 0, 0, 0, 0, 1, '2025-04-01 13:55:23.331', '2025-04-01 13:55:23.331', ''),
	(87, 2, 167, 167, '2025-04-01 00:00:00.000', 1, 100, 200, 300, 300, 0, 0, 0, 0, 0, 1, '2025-04-01 13:58:09.056', '2025-04-01 13:58:09.056', ''),
	(88, 2, 169, 169, '2025-04-01 00:00:00.000', 1, 0, 0, 200, 200, 0, 0, 0, 0, 0, 1, '2025-04-01 13:58:45.407', '2025-04-01 13:58:45.407', 'trocar terminal'),
	(89, 2, 45, 45, '2025-04-01 00:00:00.000', 1, 0, 0, 600, 700, 0, 0, 0, 0, 0, 1, '2025-04-01 13:59:43.131', '2025-04-01 13:59:43.131', 'valor será enviado para inauguração loja Cidade Nova'),
	(90, 2, 43, 43, '2025-04-01 00:00:00.000', 1, 100, 200, 500, 700, 0, 0, 0, 0, 0, 1, '2025-04-01 14:00:19.467', '2025-04-01 14:00:19.467', 'inauguração loja horizonte');

-- Copiando estrutura para tabela system_crednosso.statusorder
CREATE TABLE IF NOT EXISTS `statusorder` (
  `id` int(11) NOT NULL AUTO_INCREMENT,
  `name` varchar(191) NOT NULL,
  `status` tinyint(1) NOT NULL DEFAULT 1,
  `createdAt` datetime(3) NOT NULL DEFAULT current_timestamp(3),
  `updatedAt` datetime(3) NOT NULL DEFAULT current_timestamp(3),
  PRIMARY KEY (`id`),
  UNIQUE KEY `StatusOrder_name_key` (`name`)
) ENGINE=InnoDB AUTO_INCREMENT=6 DEFAULT CHARSET=utf8mb4 COLLATE=utf8mb4_unicode_ci;

-- Copiando dados para a tabela system_crednosso.statusorder: ~5 rows (aproximadamente)
INSERT INTO `statusorder` (`id`, `name`, `status`, `createdAt`, `updatedAt`) VALUES
	(1, 'RECEBIDO', 1, '2025-03-27 17:47:24.722', '2025-03-27 17:47:24.722'),
	(2, 'CONFIRMADO TOTAL', 1, '2025-03-27 17:47:50.545', '2025-03-27 17:47:50.545'),
	(3, 'CONFIRMADO PARCIAL', 1, '2025-03-27 17:48:09.959', '2025-03-27 17:48:09.959'),
	(4, 'PAGO', 1, '2025-03-27 17:48:21.895', '2025-03-27 17:48:21.895'),
	(5, 'CANCELADO', 1, '2025-03-27 17:48:28.380', '2025-03-27 17:48:28.380');

-- Copiando estrutura para tabela system_crednosso.supply
CREATE TABLE IF NOT EXISTS `supply` (
  `id` int(11) NOT NULL AUTO_INCREMENT,
  `id_atm` int(11) NOT NULL,
  `cassete_A` int(11) NOT NULL,
  `cassete_B` int(11) NOT NULL,
  `cassete_C` int(11) NOT NULL,
  `cassete_D` int(11) NOT NULL,
  `total_exchange` tinyint(1) NOT NULL DEFAULT 0,
  `status` tinyint(1) NOT NULL DEFAULT 1,
  `createdAt` datetime(3) NOT NULL DEFAULT current_timestamp(3),
  `updatedAt` datetime(3) NOT NULL DEFAULT current_timestamp(3),
  `date` datetime(3) NOT NULL DEFAULT current_timestamp(3),
  PRIMARY KEY (`id`),
  KEY `Supply_id_atm_fkey` (`id_atm`),
  CONSTRAINT `Supply_id_atm_fkey` FOREIGN KEY (`id_atm`) REFERENCES `atm` (`id_system`) ON UPDATE CASCADE
) ENGINE=InnoDB DEFAULT CHARSET=utf8mb4 COLLATE=utf8mb4_unicode_ci;

-- Copiando dados para a tabela system_crednosso.supply: ~0 rows (aproximadamente)

-- Copiando estrutura para tabela system_crednosso.treasury
CREATE TABLE IF NOT EXISTS `treasury` (
  `id` int(11) NOT NULL AUTO_INCREMENT,
  `id_system` int(11) NOT NULL,
  `name` varchar(191) NOT NULL,
  `short_name` varchar(191) NOT NULL,
  `account_number` varchar(191) NOT NULL,
  `gmcore_number` varchar(191) NOT NULL,
  `region` int(11) NOT NULL,
  `bills_10` int(11) NOT NULL DEFAULT 0,
  `bills_20` int(11) NOT NULL DEFAULT 0,
  `bills_50` int(11) NOT NULL DEFAULT 0,
  `bills_100` int(11) NOT NULL DEFAULT 0,
  `status` tinyint(1) NOT NULL DEFAULT 1,
  `id_type_supply` int(11) NOT NULL,
  `enabled_gmcore` tinyint(1) NOT NULL DEFAULT 1,
  `id_type_store` int(11) NOT NULL,
  `createdAt` datetime(3) NOT NULL DEFAULT current_timestamp(3),
  `updatedAt` datetime(3) NOT NULL DEFAULT current_timestamp(3),
  PRIMARY KEY (`id`),
  UNIQUE KEY `Treasury_id_system_key` (`id_system`),
  UNIQUE KEY `Treasury_name_key` (`name`),
  UNIQUE KEY `Treasury_short_name_key` (`short_name`),
  UNIQUE KEY `Treasury_account_number_key` (`account_number`),
  KEY `Treasury_id_type_supply_fkey` (`id_type_supply`),
  KEY `Treasury_id_type_store_fkey` (`id_type_store`),
  CONSTRAINT `Treasury_id_type_store_fkey` FOREIGN KEY (`id_type_store`) REFERENCES `typestore` (`id`) ON UPDATE CASCADE,
  CONSTRAINT `Treasury_id_type_supply_fkey` FOREIGN KEY (`id_type_supply`) REFERENCES `typesupply` (`id`) ON UPDATE CASCADE
) ENGINE=InnoDB AUTO_INCREMENT=173 DEFAULT CHARSET=utf8mb4 COLLATE=utf8mb4_unicode_ci;

-- Copiando dados para a tabela system_crednosso.treasury: ~172 rows (aproximadamente)
INSERT INTO `treasury` (`id`, `id_system`, `name`, `short_name`, `account_number`, `gmcore_number`, `region`, `bills_10`, `bills_20`, `bills_50`, `bills_100`, `status`, `id_type_supply`, `enabled_gmcore`, `id_type_store`, `createdAt`, `updatedAt`) VALUES
	(1, 1, 'MATEUS', 'MATEUS', 'MATEUS', '0', 1, 0, 0, 0, 0, 1, 1, 0, 1, '2025-03-27 19:57:28.916', '2025-03-27 19:57:28.916'),
	(2, 2, 'PROSEGUR SAO LUIS', 'PROS SAO LUIS', '1288', '0', 1, 0, 0, 0, 0, 1, 1, 0, 1, '2025-03-27 19:58:13.490', '2025-03-27 19:58:13.490'),
	(3, 3, 'PROSEGUR MARABA', 'PROS MARABA', '2704', '0', 2, 0, 0, 0, 0, 1, 1, 0, 1, '2025-03-27 19:58:49.937', '2025-03-27 19:58:49.937'),
	(4, 4, 'PROSEGUR BACABAL', 'PROS BACABAL', '5925', '0', 3, 0, 0, 0, 0, 1, 1, 0, 1, '2025-03-27 19:59:13.151', '2025-03-27 19:59:13.151'),
	(5, 5, 'PROFORT', 'PROFORT', '101580', '0', 5, 0, 0, 0, 0, 1, 1, 0, 1, '2025-03-27 19:59:49.357', '2025-03-27 19:59:49.357'),
	(6, 6, 'PROSEGUR IMPERATRIZ', 'PROS IMPERATRIZ', '114229', '0', 6, 0, 0, 0, 0, 1, 1, 0, 1, '2025-03-27 20:00:14.220', '2025-03-27 20:00:14.220'),
	(7, 7, 'CEFOR BALSAS', 'CEFOR BALSAS', '137809', '0', 7, 0, 0, 0, 0, 1, 1, 0, 1, '2025-03-27 20:00:37.756', '2025-03-27 20:00:37.756'),
	(8, 8, 'CEFOR SAO LUIS', 'CEFOR SAO LUIS', '140381', '0', 1, 0, 0, 0, 0, 1, 1, 0, 1, '2025-03-27 20:01:01.204', '2025-03-27 20:01:01.204'),
	(9, 9, 'CEFOR IMPERATRIZ', 'CEFOR IMPERATRIZ', '144827', '0', 5, 0, 0, 0, 0, 1, 1, 0, 1, '2025-03-27 20:01:34.581', '2025-03-27 20:01:34.581'),
	(10, 10, 'PROSEGUR PARAUAPEBAS', 'PROS PARAUAPEBA', '152805', '0', 8, 0, 0, 0, 0, 1, 1, 0, 1, '2025-03-27 20:02:01.444', '2025-03-27 20:02:01.444'),
	(11, 11, 'CEFOR BACABAL', 'CEFOR BACABAL', '161699', '0', 10, 0, 0, 0, 0, 1, 1, 0, 1, '2025-03-27 20:02:34.237', '2025-03-27 20:02:34.237'),
	(12, 12, 'PROSEGUR TERESINA', 'PROS TERESINA', '216881', '0', 11, 0, 0, 0, 0, 1, 1, 0, 1, '2025-03-27 20:03:05.199', '2025-03-27 20:03:05.199'),
	(13, 13, 'PROSEGUR BELEM', 'PROS BELEM', '225056', '0', 12, 0, 0, 0, 0, 1, 1, 0, 1, '2025-03-27 20:03:30.699', '2025-03-27 20:03:30.699'),
	(14, 14, 'PROSEGUR CASTANHAL', 'PROS CASTANHAL', '225103', '0', 13, 0, 0, 0, 0, 1, 1, 0, 1, '2025-03-27 20:03:55.611', '2025-03-27 20:03:55.611'),
	(15, 15, 'PROSEGUR FORTALEZA', 'PROS FORTALEZA', '230322', '0', 14, 0, 0, 0, 0, 1, 1, 0, 1, '2025-03-27 20:04:17.971', '2025-03-27 20:04:17.971'),
	(16, 16, 'PROSEGUR ALTAMIRA', 'PROS ALTAMIRA', '233215', '0', 15, 0, 0, 0, 0, 1, 1, 0, 1, '2025-03-27 20:04:41.691', '2025-03-27 20:04:41.691'),
	(17, 17, 'BRD CAMINO TUCUMA', 'CAMINO TUCUMA', '278350', '423', 27, 100, 200, 300, 200, 1, 2, 0, 2, '2025-03-27 20:05:29.244', '2025-04-01 14:13:45.145'),
	(18, 18, 'BRD CAMINO JACUNDA', 'CAMINO JACUNDA', '278913', '416', 28, 0, 0, 0, 0, 1, 2, 0, 2, '2025-03-27 20:06:12.730', '2025-04-01 14:14:27.050'),
	(19, 19, 'BRD BACABAL', 'BRD BACABAL', '372738', '47', 21, 100, 200, 300, 400, 1, 2, 1, 1, '2025-03-27 20:07:16.066', '2025-04-01 14:14:54.664'),
	(20, 20, 'BRD CAXIAS', 'BRD CAXIAS', '374376', '41', 19, 100, 200, 300, 400, 1, 2, 1, 1, '2025-03-27 20:07:51.791', '2025-04-01 12:56:38.796'),
	(21, 21, 'BRD CHAPADINHA', 'BRD CHAPADINHA', '374556', '39', 20, 100, 200, 300, 400, 1, 2, 1, 1, '2025-03-27 20:08:46.440', '2025-04-01 12:57:16.241'),
	(22, 22, 'BRD PEDREIRAS', 'BRD PEDREIRAS', '	 374563', '48', 14, 100, 200, 300, 200, 1, 2, 1, 1, '2025-03-27 20:09:25.641', '2025-04-01 14:15:23.811'),
	(23, 23, 'BRD PARNAIBA', 'BRD PARNAIBA', '390954', '251', 43, 100, 200, 300, 400, 1, 2, 1, 1, '2025-03-27 20:09:56.788', '2025-04-01 14:15:41.476'),
	(24, 24, 'BRD CONCEICAO DO ARAGUAIA', 'BRD C ARAGUAIA', '392443', '437', 23, 0, 0, 0, 0, 1, 2, 0, 2, '2025-03-27 20:10:43.467', '2025-03-27 20:10:43.467'),
	(25, 25, 'PROSEGUR PARNAIBA', 'PROS PARNAIBA', '393511', '0', 24, 0, 0, 0, 0, 1, 1, 0, 1, '2025-03-27 20:11:14.295', '2025-03-27 20:11:14.295'),
	(26, 26, 'BRD NOVO SUPER COHATRAC', 'BRDNOVOCOHATRAC', '410120', '201', 5, 100, 200, 100, 400, 1, 1, 1, 1, '2025-03-27 20:12:43.949', '2025-04-01 14:16:19.827'),
	(27, 27, 'BRD BABACULANDIA', 'BRDBABACULANDIA', '410817', '44', 44, 100, 200, 500, 500, 1, 1, 1, 1, '2025-03-27 20:14:25.216', '2025-04-01 14:16:42.964'),
	(28, 28, 'BRD MATEUS CODO', 'MATEUS CODO', '418178', '202', 39, 0, 0, 0, 0, 1, 1, 1, 1, '2025-03-27 20:15:13.939', '2025-04-01 14:17:12.860'),
	(29, 29, 'BRD CAMINO GRAJAU', 'CAMINO GRAJAU', '436348', '438', 37, 0, 0, 0, 0, 1, 2, 0, 2, '2025-03-27 20:16:10.213', '2025-04-01 14:17:26.731'),
	(30, 30, 'BRD NOVA MARABA', 'BRD NOVA MARABA', '451859', '25', 59, 100, 200, 300, 400, 1, 2, 1, 1, '2025-03-27 20:18:38.180', '2025-04-01 14:17:45.876'),
	(31, 31, 'BRD TAILANDIA', 'BRD TAILANDIA', '455494', '203', 15, 0, 0, 200, 200, 1, 2, 1, 1, '2025-03-27 20:19:35.920', '2025-04-01 14:18:00.062'),
	(32, 32, 'BRD COQUEIRO', 'BRD COQUEIRO', '455496', '257', 29, 100, 200, 300, 200, 1, 2, 1, 1, '2025-03-27 20:20:12.347', '2025-04-01 14:18:16.485'),
	(33, 33, 'BRD PINHEIRO', 'BRD PINHEIRO', '462533', '99', 31, 100, 200, 300, 400, 1, 2, 1, 1, '2025-03-27 20:20:42.976', '2025-04-01 14:18:36.001'),
	(34, 34, 'BRD ABAETETUBA', 'BRD ABAETETUBA', '463904', '50', 35, 100, 200, 300, 200, 1, 2, 1, 1, '2025-03-27 20:21:13.038', '2025-04-01 14:18:54.740'),
	(35, 35, 'BRD MIX CASTANHAL', 'MIX CASTANHAL', '	 464217', '49', 54, 200, 400, 600, 0, 1, 2, 1, 1, '2025-03-27 20:22:00.303', '2025-04-01 14:19:21.149'),
	(36, 36, 'BRD SUPER CASTANHAL', 'SUPER CASTANHAL', '470014', '35', 55, 0, 0, 0, 0, 1, 2, 1, 1, '2025-03-27 20:22:30.411', '2025-04-01 14:19:50.701'),
	(37, 37, 'BRD PRESIDENTE DUTRA', 'PRES DUTRA', '471541', '42', 13, 0, 0, 0, 0, 1, 2, 1, 1, '2025-03-27 20:23:02.734', '2025-04-01 14:20:18.644'),
	(38, 38, 'BRD BARCARENA', 'BRD BARCARENA', '474497', '204', 34, 100, 200, 300, 200, 1, 2, 1, 1, '2025-03-27 20:23:45.491', '2025-04-01 14:20:31.891'),
	(39, 39, 'BRD CAPANEMA', 'BRD CAPANEMA', '485690', '256', 36, 100, 200, 300, 400, 1, 2, 1, 1, '2025-03-27 20:24:23.308', '2025-04-01 14:20:56.439'),
	(40, 40, 'BRD PARAUAPEBAS 28', 'PARAUAPEBAS28', '485991', '28', 18, 0, 0, 200, 200, 1, 2, 1, 1, '2025-03-27 20:25:02.240', '2025-04-01 14:21:17.643'),
	(41, 41, 'BRD PARAUAPEBAS 254', 'PARAUAPEBAS254', '	 485993', '254', 57, 0, 0, 0, 0, 1, 2, 1, 1, '2025-03-27 20:25:43.079', '2025-04-01 14:21:35.904'),
	(42, 42, 'BRD ALTAMIRA', 'BRD ALTAMIRA', '486332', '38', 24, 100, 200, 300, 200, 1, 2, 1, 1, '2025-03-27 20:26:11.742', '2025-04-01 14:28:11.340'),
	(43, 43, 'BRD MARITUBA', 'BRD MARITUBA', '489172', '51', 8, 200, 400, 800, 1100, 1, 2, 1, 1, '2025-03-27 20:26:44.638', '2025-04-01 14:32:55.637'),
	(44, 44, 'BRD MAGUARI', 'BRD MAGUARI', '490154', '46', 40, 0, 0, 100, 150, 1, 2, 1, 1, '2025-03-27 20:27:13.388', '2025-04-01 14:33:14.319'),
	(45, 45, 'BRD SUPER BELEM', 'BRD SUPER BELEM', '491573', '37', 23, 0, 0, 600, 700, 1, 2, 1, 1, '2025-03-27 20:27:57.548', '2025-04-01 14:33:44.935'),
	(46, 46, 'BRD MARAMBAIA', 'BRD MARAMBAIA', '491575', '45', 4, 0, 0, 0, 180, 1, 2, 1, 1, '2025-03-27 20:28:25.423', '2025-04-01 14:34:06.014'),
	(47, 47, 'BRD MIX INFRAERO', 'BRD M INFRAERO', '491577', '253', 20, 0, 0, 0, 0, 1, 2, 1, 1, '2025-03-27 20:28:52.051', '2025-04-01 14:34:20.157'),
	(48, 48, 'BRD JARDELANDIA', 'BRD JARDELANDIA', '491579', '36', 41, 0, 0, 0, 0, 1, 2, 1, 1, '2025-03-27 20:29:17.827', '2025-04-01 14:34:36.992'),
	(49, 49, 'BRD SUPER BELEM DESATIVADO', 'BRD SUPER BELEM DESATIVADO', '491813', '37', 8, 0, 0, 0, 0, 0, 2, 1, 1, '2025-03-27 20:29:58.777', '2025-04-01 14:34:52.553'),
	(50, 50, 'BRD SUPER MARABA', 'BRD SUP MARABA', '492235', '24', 6, 0, 0, 0, 0, 1, 2, 1, 1, '2025-03-27 20:30:29.978', '2025-04-01 14:35:13.335'),
	(51, 51, 'BRD MIX MARABA', 'BRD MIX MARABA', '492237', '26', 6, 100, 200, 300, 400, 1, 2, 1, 1, '2025-03-27 20:31:04.943', '2025-04-01 14:36:01.590'),
	(52, 52, 'BRD MIX CEASA', 'BRD MIX CEASA', '495866', '97', 53, 100, 200, 300, 400, 1, 2, 1, 1, '2025-03-27 20:31:33.998', '2025-04-01 14:36:17.061'),
	(53, 53, 'BRD BARRA DO CORDA', 'BARRA DO CORDA', '502875', '40', 26, 100, 200, 300, 300, 1, 2, 1, 1, '2025-03-27 20:32:02.940', '2025-04-01 14:36:35.190'),
	(54, 54, 'COHAMA - RECICLADORA 01', 'COHAMA - RECICL', '506235', '0', 1, 0, 0, 0, 0, 1, 1, 0, 1, '2025-03-27 20:32:27.930', '2025-03-27 20:32:27.930'),
	(55, 55, 'BRD REDENCAO', 'BRD REDENCAO', '506752', '261', 48, 100, 200, 300, 200, 1, 2, 1, 1, '2025-03-27 20:32:59.252', '2025-04-01 14:36:56.031'),
	(56, 56, 'BARREIRINHAS CAMINO', 'BARREIRINHAS CA', '509705', '434', 50, 100, 200, 300, 100, 1, 2, 0, 2, '2025-03-27 20:33:35.497', '2025-04-01 14:37:12.142'),
	(57, 57, 'BRD BURITICUPU', 'BRD BURITICUPU', '530639', '207', 47, 100, 200, 300, 300, 1, 2, 1, 1, '2025-03-27 20:34:07.842', '2025-04-01 14:37:33.402'),
	(58, 58, 'BRD MIX TUCURUI', 'BRD MIX TUCURUI', '541925', '260', 33, 100, 200, 300, 300, 1, 2, 1, 1, '2025-03-27 20:34:36.036', '2025-04-01 14:37:51.887'),
	(59, 59, 'BRD TIANGUA', 'BRD TIANGUA', '545315', '264', 45, 100, 200, 300, 300, 1, 2, 1, 1, '2025-03-27 20:35:11.556', '2025-04-01 14:38:09.375'),
	(60, 60, 'BRD MARIO COVAS', 'BRD MARIO COVAS', '563193', '263', 51, 0, 0, 0, 0, 1, 2, 1, 1, '2025-03-27 20:35:44.966', '2025-04-01 14:38:23.856'),
	(61, 61, 'BRD MIX FLORIANO', 'BRD M FLORIANO', '563197', '271', 52, 100, 200, 300, 100, 1, 2, 1, 1, '2025-03-27 20:36:27.851', '2025-04-01 14:38:34.486'),
	(62, 62, 'MIX SOBRAL', 'MIX SOBRAL', '595175', '266', 61, 0, 0, 100, 150, 1, 2, 1, 1, '2025-03-27 20:36:58.818', '2025-04-01 14:38:48.063'),
	(63, 63, 'TESTE', 'TESTE', '603181', '0', 1, 0, 0, 0, 0, 1, 1, 0, 1, '2025-03-27 20:37:18.360', '2025-03-27 20:37:18.360'),
	(64, 64, 'SUPER PIRIPIRI', 'SUPER PIRIPIRI', '603388', '211', 62, 0, 0, 200, 200, 1, 2, 1, 1, '2025-03-27 20:37:52.094', '2025-04-01 14:39:07.919'),
	(65, 65, 'MIX TERESINA', 'MIX TERESINA', '604927', '252', 64, 0, 0, 0, 0, 1, 2, 1, 1, '2025-03-27 20:38:26.888', '2025-04-01 14:39:38.967'),
	(66, 66, 'MIX TIMON', 'MIX TIMON', '605510', '32', 63, 0, 0, 100, 150, 1, 2, 1, 1, '2025-03-27 20:39:02.824', '2025-04-01 14:39:53.999'),
	(67, 67, 'PRESERV - RECIFE', 'PRESERV-RECIFE', '627550', '0', 35, 0, 0, 0, 0, 1, 1, 0, 1, '2025-03-27 20:39:28.954', '2025-03-27 20:39:28.954'),
	(68, 68, 'MIX BRAGANCA', 'MIX BRAGANCA', '633647', '267', 56, 100, 200, 300, 200, 1, 2, 1, 1, '2025-03-27 20:39:59.078', '2025-04-01 14:40:11.352'),
	(69, 69, 'SUPER CANAA DOS CARAJAS', 'S CANAA D CARAJ', '633649', '208', 69, 0, 0, 0, 0, 1, 2, 1, 1, '2025-03-27 20:40:38.422', '2025-04-01 14:40:31.329'),
	(70, 70, 'SUPER ESTREITO', 'SUPER ESTREITO', '633651', '213', 65, 0, 0, 0, 0, 1, 2, 1, 1, '2025-03-27 20:41:14.155', '2025-04-01 14:40:48.096'),
	(71, 71, 'MIX PARAGOMINAS', 'MIX PARAGOMINAS', '633653', '268', 58, 100, 200, 300, 300, 1, 2, 1, 1, '2025-03-27 20:42:24.331', '2025-04-01 14:41:03.014'),
	(72, 72, 'MIX TIMON ALVORADA', 'TIMONALVORAD', '657105', '275', 72, 100, 200, 300, 300, 1, 2, 1, 1, '2025-03-27 20:43:14.041', '2025-04-01 14:41:21.413'),
	(73, 73, 'MIX JUAZEIRO', 'MIX JUAZEIRO', '665188', '278', 71, 0, 0, 0, 0, 1, 2, 1, 1, '2025-03-27 20:44:03.731', '2025-04-01 14:41:52.144'),
	(74, 74, 'MIX PETROLINA', 'MIX PETROLINA', '665575', '279', 70, 0, 0, 0, 0, 1, 2, 1, 1, '2025-03-27 20:44:53.618', '2025-04-01 14:42:07.782'),
	(75, 75, 'PROSEGUR FEIRA DE SANTANA', 'PRO F D SANTANA', '666346', '0', 43, 0, 0, 0, 0, 1, 1, 0, 1, '2025-03-27 20:45:43.499', '2025-03-27 20:45:43.499'),
	(76, 76, 'MIX BENGUI', 'MIX BENGUI', '671437', '276', 80, 0, 0, 0, 0, 1, 2, 1, 1, '2025-03-27 20:46:16.734', '2025-04-01 14:42:22.456'),
	(77, 77, 'TEXEIRA DE FREITAS', 'TEXEIRADEFREITA', '685900', '282', 74, 0, 0, 0, 0, 1, 2, 1, 1, '2025-03-27 20:47:07.437', '2025-04-01 14:42:42.509'),
	(78, 78, 'MIX ITAPIPOCA', 'MIXITAPIPOCA', '685909', '280', 73, 0, 0, 100, 150, 1, 2, 1, 1, '2025-03-27 20:47:45.233', '2025-04-01 14:42:56.345'),
	(79, 79, 'MIX ARACAJU', 'MIX ARACAJU', '704377', '281', 79, 0, 0, 0, 0, 1, 2, 1, 1, '2025-03-27 20:48:15.166', '2025-04-01 14:43:19.791'),
	(80, 80, 'SUPER CRATEUS', 'SUPER CRATEUS', '712330', '285', 78, 0, 0, 100, 150, 1, 2, 1, 1, '2025-03-27 20:48:45.894', '2025-04-01 14:43:35.704'),
	(81, 81, 'SUPER COHAMA', 'SUPER COHAMA', '715044', '7', 5, 0, 0, 400, 600, 1, 2, 1, 1, '2025-03-27 20:50:08.241', '2025-04-01 14:43:48.528'),
	(82, 82, 'CURVA DO NOVENTA', 'CURVADONOVENTA', '715046', '20', 5, 100, 200, 300, 400, 1, 2, 1, 1, '2025-03-27 20:50:43.527', '2025-04-01 14:44:00.455'),
	(83, 83, 'MIX GUAJAJARAS', 'MIXGUAJAJARAS', '715787', '17', 5, 0, 0, 600, 700, 1, 2, 1, 1, '2025-03-27 20:52:14.063', '2025-04-01 14:44:11.079'),
	(84, 84, 'MIX JARDIM TROPICAL', 'MIX TROPICAL', '716643', '29', 5, 100, 200, 300, 300, 1, 2, 1, 1, '2025-03-27 20:52:45.735', '2025-04-01 14:44:22.329'),
	(85, 85, 'SUPER QUIXERAMOBIM', 'S QUIXERAMOBIM', '718688', '290', 81, 0, 0, 0, 0, 1, 2, 1, 1, '2025-03-27 20:53:28.385', '2025-04-01 14:44:38.513'),
	(86, 86, 'MIX MACEIO SUL', 'MIX MACEIO SUL', '721382', '283', 77, 0, 0, 0, 0, 1, 2, 1, 1, '2025-03-27 20:54:01.359', '2025-04-01 14:45:02.025'),
	(87, 87, 'MIX MACEIO NORTE', 'M MACEIO NORTE', '724637', '284', 77, 0, 0, 0, 0, 1, 2, 1, 1, '2025-03-27 20:54:32.402', '2025-04-01 14:45:18.768'),
	(88, 88, 'SUPER TURU VELHO', 'S TURU VELHO', '727142', '8', 5, 0, 0, 100, 250, 1, 2, 1, 1, '2025-03-27 20:55:06.125', '2025-04-01 14:45:30.278'),
	(89, 89, 'SUPER CALHAU', 'SUPER CALHAU', '728100', '16', 5, 0, 0, 100, 150, 1, 2, 1, 1, '2025-03-27 20:55:34.914', '2025-04-01 14:45:40.703'),
	(90, 90, 'MIX SANTA INES', 'MIX SANTAINES', '737797', '91', 9, 100, 200, 300, 400, 1, 2, 1, 1, '2025-03-27 20:56:09.763', '2025-04-01 14:45:59.984'),
	(91, 91, 'SUPER SANTA INES', 'S SANTA INES', '737799', '3', 9, 0, 0, 100, 150, 1, 2, 1, 1, '2025-03-27 20:56:46.892', '2025-04-01 14:46:12.649'),
	(92, 92, 'SHOPPING DA ILHA', 'SHOP DA ILHA', '741881', '19', 5, 0, 0, 100, 150, 1, 2, 1, 1, '2025-03-27 20:57:11.457', '2025-04-01 14:46:24.881'),
	(93, 93, 'MIX SOUSA', 'MIX SOUSA', '744558', '291', 83, 0, 0, 0, 0, 1, 2, 1, 1, '2025-03-27 20:57:46.512', '2025-04-01 14:46:40.921'),
	(94, 94, 'SHOPPING RIO ANIL', 'SHOP RIO ANIL', '751190', '12', 5, 0, 0, 200, 400, 1, 2, 1, 1, '2025-03-27 20:58:28.976', '2025-04-01 14:46:52.575'),
	(95, 95, 'SHOPPING PATIO NORTE', 'SHO PATIO NORTE', '751192', '31', 5, 0, 0, 100, 150, 1, 2, 1, 1, '2025-03-27 20:59:03.403', '2025-04-01 14:47:05.159'),
	(96, 96, 'MIX GUARABIRA', 'MIX GUARABIRA', '	 805335', '293', 84, 0, 0, 100, 150, 1, 2, 1, 1, '2025-03-27 20:59:36.771', '2025-04-01 14:47:34.870'),
	(97, 97, 'MIX JACOBINA', 'MIX JACOBINA', '812283', '288', 85, 0, 0, 100, 130, 1, 2, 1, 1, '2025-03-27 21:00:01.324', '2025-04-01 14:47:49.842'),
	(98, 98, 'MIX BACANGA', 'MIX BACANGA', '816056', '30', 5, 0, 0, 100, 150, 1, 2, 1, 1, '2025-03-27 21:00:26.012', '2025-04-01 14:48:03.702'),
	(99, 99, 'CAMINO SJ RIBAMAR', 'C SJ RIBAMAR', '816058', '425', 5, 100, 200, 500, 200, 1, 2, 0, 2, '2025-03-27 21:00:58.346', '2025-04-01 14:48:21.225'),
	(100, 100, 'VITORIA DA CONQUISTA', 'V DA CONQUISTA', '827249', '286', 82, 0, 0, 0, 0, 1, 2, 1, 1, '2025-03-27 21:01:27.738', '2025-04-01 14:48:36.697'),
	(101, 101, 'MIX CAJAZEIRAS PB', 'MIXCAJAZEIRASPB', '828194', '294', 86, 0, 0, 0, 0, 1, 2, 1, 1, '2025-03-27 21:02:13.579', '2025-04-01 14:49:11.555'),
	(102, 102, 'PORTO SEGURO', 'PORTO SEGURO', '847425', '292', 88, 0, 0, 0, 0, 1, 2, 1, 1, '2025-03-27 21:02:45.634', '2025-04-01 14:48:56.529'),
	(103, 103, 'MIX BALSAS POTOSI', 'M BALSAS POTOSI', '849903', '296', 89, 100, 200, 300, 100, 1, 2, 1, 1, '2025-03-27 21:03:17.454', '2025-04-01 14:49:25.079'),
	(104, 104, 'MIX ACAILANDIA', 'MIX ACAILANDIA', '862048', '52', 7, 100, 200, 300, 400, 1, 2, 1, 1, '2025-03-27 21:03:46.147', '2025-04-01 14:49:38.434'),
	(105, 105, 'SUPER ACAILANDIA', 'S ACAILANDIA', '862073', '15', 7, 0, 0, 100, 150, 1, 2, 1, 1, '2025-03-27 21:04:10.969', '2025-04-01 14:49:47.617'),
	(106, 106, 'MIX CONCEICAO DO COITE', 'CONC DO COITE', '	 883904', '298', 90, 0, 0, 0, 0, 1, 2, 1, 1, '2025-03-27 21:04:43.273', '2025-04-01 14:50:35.538'),
	(107, 107, 'MIX MARACANAU', 'MIX MARACANAU', '887013', '503', 91, 100, 200, 500, 700, 1, 2, 1, 1, '2025-03-27 21:05:13.183', '2025-04-01 14:50:57.346'),
	(108, 108, 'MIX CAMPINA GRANDE', 'CAMPINA GRANDE', '888094', '299', 92, 0, 0, 0, 0, 1, 2, 1, 1, '2025-03-27 21:05:49.441', '2025-04-01 14:51:13.403'),
	(109, 109, 'H JOAO PESSOA', 'H JOAO PESSOA', '918697', '216', 93, 0, 0, 100, 150, 1, 2, 1, 1, '2025-03-27 21:06:17.858', '2025-04-01 14:51:25.458'),
	(110, 110, 'MIX HENRIQUE JORGE', 'MIX HENRIQUE JO', '924003', '506', 95, 100, 200, 300, 300, 1, 2, 1, 1, '2025-03-27 21:06:52.777', '2025-04-01 14:51:38.457'),
	(111, 111, 'MIX MARANGUAPE', 'MIX MARANGUAPE', '924005', '514', 126, 100, 200, 300, 100, 1, 2, 1, 1, '2025-03-27 21:07:33.809', '2025-04-01 14:51:55.377'),
	(112, 112, 'MIX UBATUBA', 'MIX UBATUBA', '940022', '269', 5, 0, 0, 0, 0, 1, 2, 1, 1, '2025-03-27 21:08:01.582', '2025-04-01 14:52:06.576'),
	(113, 113, 'SUPER ANIL', 'SUPER ANIL', '940620', '200', 5, 0, 0, 200, 400, 1, 2, 1, 1, '2025-03-27 21:08:30.188', '2025-04-01 14:52:18.626'),
	(114, 114, 'MIX ARACAGY', 'MIX ARACAGY', '940622', '255', 5, 0, 0, 200, 200, 1, 2, 1, 1, '2025-03-27 21:09:00.245', '2025-04-01 14:52:32.128'),
	(115, 115, 'SUPER COHATRAC 18', 'COHATRAC18', '945309', '18', 5, 0, 0, 100, 150, 1, 2, 1, 1, '2025-03-27 21:09:35.408', '2025-04-01 14:52:41.723'),
	(116, 116, 'SUPER COELHO NETO', 'SUP COELHO NETO', '957975', '215', 97, 100, 200, 100, 200, 1, 2, 1, 1, '2025-03-27 21:10:11.587', '2025-04-01 14:52:54.888'),
	(117, 117, 'MIX BALSAS', 'MIX BALSAS', '960128', '94', 124, 100, 200, 300, 400, 1, 2, 1, 1, '2025-03-27 21:10:50.701', '2025-04-01 14:53:24.987'),
	(118, 118, 'HIPER BALSAS', 'HIPER BALSAS', '960130', '1', 10, 0, 100, 400, 380, 1, 2, 1, 1, '2025-03-27 21:11:17.168', '2025-04-01 14:53:43.595'),
	(119, 119, 'CD343 JOAO PESSOA', 'CD343 J PESSOA', '968889', '0', 69, 0, 0, 0, 0, 1, 1, 0, 1, '2025-03-27 21:11:45.267', '2025-03-27 21:11:45.267'),
	(120, 120, 'MIX BAYEUX', 'MIX BAYEUX', '968893', '510', 101, 0, 0, 0, 0, 1, 2, 1, 1, '2025-03-27 21:12:19.565', '2025-04-01 14:54:01.874'),
	(121, 121, 'MIX CABEDELO', 'MIX CABEDELO', '968897', '505', 99, 0, 0, 0, 0, 1, 2, 1, 1, '2025-03-27 21:13:09.478', '2025-04-01 14:54:14.145'),
	(122, 122, 'PROSEGUR JOAO PESSOA', 'PROSEGURJPESSOA', '973278', '0', 69, 0, 0, 0, 0, 1, 1, 0, 1, '2025-03-27 21:13:38.686', '2025-03-27 21:13:38.686'),
	(123, 123, 'MIX CANINDE', 'MIX CANINDE', '982241', '516', 100, 0, 0, 0, 0, 1, 2, 1, 1, '2025-03-27 21:14:08.390', '2025-04-01 14:54:27.747'),
	(124, 124, 'MIX JUAZEIRO DO NORTE', 'JUAZEIRO NORTE', '	 983814', '507', 96, 0, 0, 0, 0, 1, 2, 1, 1, '2025-03-27 21:14:46.734', '2025-04-01 14:54:44.394'),
	(125, 125, 'MIX ARACATI', 'MIX ARACATI', '1058485', '520', 109, 0, 0, 0, 0, 1, 2, 1, 1, '2025-03-27 21:15:17.295', '2025-04-01 14:54:58.067'),
	(126, 126, 'SUPER CIDADE OPERARIA', 'S CID OPERARIA', '1076642', '11', 5, 0, 0, 200, 300, 1, 2, 1, 1, '2025-03-27 21:15:51.520', '2025-04-01 14:55:07.568'),
	(127, 127, 'SUPER TURU', 'SUPER TURU', '1076647', '27', 5, 100, 200, 300, 300, 1, 2, 1, 1, '2025-03-27 21:16:28.887', '2025-04-01 14:55:19.418'),
	(128, 128, 'HIPER RENASCENCA', 'H RENASCENCA', '1081652', '34', 5, 100, 200, 100, 500, 1, 2, 1, 1, '2025-03-27 21:17:04.250', '2025-04-01 14:55:29.489'),
	(129, 129, 'MIX OLINDA PEIXINHO', 'MIX PEIXINHO', '1099608', '517', 106, 0, 0, 100, 130, 1, 2, 1, 1, '2025-03-27 21:17:44.983', '2025-04-01 14:55:44.347'),
	(130, 130, 'MIX AREIAS', 'MIX AREIAS', '1099610', '297', 107, 0, 0, 0, 0, 1, 2, 1, 1, '2025-03-27 21:18:25.182', '2025-04-01 14:55:59.747'),
	(131, 131, 'MIX BIG OLINDA', 'MIX BIG OLINDA', '1099612', '509', 108, 0, 0, 0, 0, 1, 2, 1, 1, '2025-03-27 21:19:10.259', '2025-04-01 14:56:13.619'),
	(132, 132, 'SUPER RIOD', 'SUPER RIOD', '1117379', '502', 5, 0, 0, 200, 400, 1, 2, 1, 1, '2025-03-27 21:19:35.982', '2025-04-01 14:56:23.218'),
	(133, 133, 'MIX PATOS', 'MIX PATOS', '1125892', '513', 110, 0, 0, 0, 0, 1, 2, 1, 1, '2025-03-27 21:20:01.463', '2025-04-01 14:56:34.810'),
	(134, 134, 'MIX ITABUNA', 'MIX ITABUNA', '1125894', '512', 111, 0, 0, 0, 0, 1, 2, 1, 1, '2025-03-27 21:20:28.567', '2025-04-01 14:56:46.426'),
	(135, 135, 'MIX NOSSA SENHORA DA GLORIA', 'MIX DA GLORIA', '1125896', '508', 98, 0, 0, 0, 0, 1, 2, 1, 1, '2025-03-27 21:20:57.167', '2025-04-01 14:57:03.324'),
	(136, 136, 'MIX JANGA', 'MIX JANGA', '1128237', '524', 113, 0, 0, 0, 0, 1, 2, 1, 1, '2025-03-27 21:21:23.156', '2025-04-01 14:57:17.060'),
	(137, 137, 'PROSEGUR ALTOS', 'PROSEGUR ALTOS', '1138804', '0', 84, 0, 0, 0, 0, 1, 1, 0, 1, '2025-03-27 21:21:45.589', '2025-03-27 21:21:45.589'),
	(138, 138, 'MIX MACEIO TABULEIRO', 'MIX TABULEIRO', '	 1146672', '511', 115, 0, 0, 0, 0, 1, 2, 1, 1, '2025-03-27 21:22:28.956', '2025-04-01 14:57:33.026'),
	(139, 139, 'MIX MACEIO ANTARES', 'MIXANTARE', '1146698', '522', 116, 0, 0, 0, 0, 1, 2, 1, 1, '2025-03-27 21:23:08.865', '2025-04-01 14:57:43.659'),
	(140, 140, 'MIX RECIFE SANTO AMARO', 'MIX SANTO AMARO', '1151625', '500', 117, 0, 0, 0, 0, 1, 2, 1, 1, '2025-03-27 21:23:48.868', '2025-04-01 14:58:08.300'),
	(141, 141, 'MIX RECIFE BONGI', 'MIX BONGI', '1151627', '504', 118, 0, 0, 0, 0, 1, 2, 1, 1, '2025-03-27 21:24:31.808', '2025-04-01 14:58:22.290'),
	(142, 142, 'SUPER GOIAS', 'SUPER GOIAS', '1182563', '4', 119, 100, 200, 300, 400, 1, 2, 1, 1, '2025-03-27 21:25:06.220', '2025-04-01 14:58:35.675'),
	(143, 143, 'MIX TAMANDARE', 'MIX TAMANDARE', '1183012', '95', 120, 0, 0, 200, 400, 1, 2, 1, 1, '2025-03-27 21:25:31.204', '2025-04-01 14:58:46.226'),
	(144, 144, 'SUPER CEARA', 'SUPER CEARA', '1184634', '2', 121, 100, 200, 300, 300, 1, 2, 1, 1, '2025-03-27 21:25:58.395', '2025-04-01 14:58:57.667'),
	(145, 145, 'MIX BACURI', 'MIX BACURI', '1186564', '92', 122, 0, 0, 400, 400, 1, 2, 1, 1, '2025-03-27 21:26:27.188', '2025-04-01 14:59:10.523'),
	(146, 146, 'MIX JOAO PAULO', 'MIX JOAO PAULO', '1193744', '96', 5, 100, 200, 300, 400, 1, 2, 1, 1, '2025-03-27 21:27:09.717', '2025-04-01 14:59:20.357'),
	(147, 147, 'SUPER COHAB', 'SUPER COHAB', '1193746', '5', 5, 0, 0, 200, 400, 1, 2, 1, 1, '2025-03-27 21:27:36.259', '2025-04-01 14:59:31.444'),
	(148, 148, 'SUPER CAJAZEIRAS', 'SUPER CAJAZEIRA', '	 1198824', '23', 1, 0, 0, 100, 130, 1, 2, 1, 1, '2025-03-27 21:28:08.618', '2025-04-01 14:59:41.108'),
	(149, 149, 'MIX FORQUILHA', 'MIX FORQUILHA', '1199565', '259', 5, 100, 200, 500, 500, 1, 2, 1, 1, '2025-03-27 21:28:41.965', '2025-04-01 14:59:50.900'),
	(150, 150, 'MIX MAIOBAO', 'MIX MAIOBAO', '1200157', '93', 5, 0, 100, 200, 180, 1, 2, 1, 1, '2025-03-27 21:29:12.806', '2025-04-01 15:00:07.453'),
	(151, 151, 'MIX CAXANGA', 'MIX CAXANGA', '1200832', '525', 125, 0, 0, 0, 0, 1, 2, 1, 1, '2025-03-27 21:35:14.456', '2025-04-01 15:00:21.995'),
	(152, 152, 'MIX PAULISTA', 'MIX PAULISTA', '1210160', '515', 126, 0, 0, 100, 130, 1, 2, 1, 1, '2025-03-27 21:35:49.187', '2025-04-01 16:02:43.282'),
	(153, 153, 'SUPER ALEMANHA', 'SUPER ALEMANHA', '1240778', '526', 5, 0, 0, 0, 0, 1, 2, 1, 1, '2025-03-27 21:37:03.248', '2025-04-01 16:02:54.963'),
	(154, 154, 'MIX RUSSAS CE', 'MIX RUSSAS', '1248983', '518', 112, 0, 0, 0, 0, 1, 2, 1, 1, '2025-03-27 21:37:47.289', '2025-04-01 16:03:11.329'),
	(155, 155, 'SUPER SAO RAIMUNDO', 'SAO RAIMUNDO', '1252084', '218', 5, 100, 200, 300, 300, 1, 2, 1, 1, '2025-03-27 21:38:18.938', '2025-04-01 16:03:37.298'),
	(156, 156, 'MIX CARUARU KENNEDY', 'CARUARU KENNEDY', '1253711', '536', 92, 0, 0, 0, 0, 1, 2, 1, 1, '2025-03-27 21:38:57.015', '2025-03-27 21:38:57.015'),
	(157, 157, 'MIX EUNALOPOLIS', 'MIX EUNALOPOLIS', '1260948', '530', 128, 0, 0, 0, 0, 1, 2, 1, 1, '2025-03-27 21:39:26.471', '2025-04-01 16:04:16.376'),
	(158, 158, 'SUPER RAPOSA', 'SUPER RAPOSA', '1283254', '217', 5, 0, 0, 200, 200, 1, 2, 1, 1, '2025-03-27 21:39:52.672', '2025-04-01 16:04:28.768'),
	(159, 159, 'MIX BARREIRINHAS', 'MIXBARREIRINHAS', '1298739', '537', 50, 0, 0, 0, 0, 1, 2, 1, 1, '2025-03-27 21:40:33.095', '2025-04-01 16:04:51.395'),
	(160, 160, 'MIX CAUCAIA', 'MIX CAUCAIA', '1310019', '534', 137, 100, 200, 300, 300, 1, 2, 1, 1, '2025-03-27 21:41:04.208', '2025-04-01 16:05:12.338'),
	(161, 161, 'MIX CARUARU UNIVERSITARIO', 'CARUARU UNIVERS', '1316098', '532', 130, 0, 0, 0, 0, 1, 2, 1, 1, '2025-03-27 21:41:44.985', '2025-04-01 16:05:45.161'),
	(162, 162, 'MIX VALENTINA', 'MIX VALENTINA', '1319823', '533', 138, 0, 0, 100, 130, 1, 2, 1, 1, '2025-03-27 21:43:00.736', '2025-04-01 16:06:05.738'),
	(163, 163, 'PROSEGUR MACEIO', 'PROSEGUR MACEIO', '1348061', '0', 95, 0, 0, 0, 0, 1, 1, 0, 1, '2025-03-27 21:43:26.944', '2025-03-27 21:43:26.944'),
	(164, 164, 'MIX JOSE WALTER', 'MIXJOSEWALTER', '1357014', '527', 140, 0, 0, 100, 150, 1, 2, 1, 1, '2025-03-27 21:44:13.728', '2025-04-01 16:06:27.286'),
	(165, 165, 'HIPER CASA FORTE', 'CASA FORTE', '1367733', '521', 141, 0, 0, 0, 0, 1, 2, 1, 1, '2025-03-27 21:44:40.944', '2025-04-01 16:06:48.170'),
	(166, 166, 'MIX BOA VIAGEM', 'MIX BOA VIAGEM', '1400535', '523', 142, 0, 0, 0, 0, 1, 2, 1, 1, '2025-03-27 21:45:10.863', '2025-04-01 16:07:07.123'),
	(167, 167, 'SUPER TURU REI DE FRANCA', 'TURUREIDEFRANCA', '1404499', '546', 5, 100, 200, 300, 300, 1, 2, 1, 1, '2025-03-27 21:45:44.739', '2025-04-01 16:07:21.452'),
	(168, 168, 'MIX JABOATAO', 'MIX JABOATAO', '1404543', '538', 143, 0, 0, 0, 0, 1, 2, 1, 1, '2025-03-27 21:46:18.931', '2025-04-01 16:07:41.574'),
	(169, 169, 'SUPER SAO MATEUS', 'SUP SAO MATEUS', '1428783', '220', 145, 0, 0, 200, 200, 1, 2, 1, 1, '2025-03-27 21:46:49.965', '2025-04-01 16:08:00.821'),
	(170, 170, 'SAO MATEUS', 'SAO MATEUS', '1428850', '220', 101, 0, 0, 0, 0, 0, 2, 1, 1, '2025-03-27 21:47:12.800', '2025-04-01 16:08:16.854'),
	(171, 171, 'MIX ILHEUS', 'MIX ILHEUS', '1461664', '543', 147, 0, 0, 0, 0, 1, 2, 1, 1, '2025-03-27 21:48:14.475', '2025-04-01 16:08:35.017'),
	(172, 172, 'MIX FEIRA DE SANTANA', 'MIX F SANTANA', '1462328', '0', 66, 0, 0, 0, 0, 1, 2, 0, 1, '2025-03-27 21:48:41.678', '2025-04-01 16:08:59.153');

-- Copiando estrutura para tabela system_crednosso.typeoperation
CREATE TABLE IF NOT EXISTS `typeoperation` (
  `id` int(11) NOT NULL AUTO_INCREMENT,
  `id_system` int(11) NOT NULL,
  `name` varchar(191) NOT NULL,
  `status` tinyint(1) NOT NULL DEFAULT 1,
  `createdAt` datetime(3) NOT NULL DEFAULT current_timestamp(3),
  `updatedAt` datetime(3) NOT NULL DEFAULT current_timestamp(3),
  PRIMARY KEY (`id`),
  UNIQUE KEY `TypeOperation_name_key` (`name`)
) ENGINE=InnoDB AUTO_INCREMENT=6 DEFAULT CHARSET=utf8mb4 COLLATE=utf8mb4_unicode_ci;

-- Copiando dados para a tabela system_crednosso.typeoperation: ~5 rows (aproximadamente)
INSERT INTO `typeoperation` (`id`, `id_system`, `name`, `status`, `createdAt`, `updatedAt`) VALUES
	(1, 1, 'TRANSFERENCIA ENTRE CUSTODIA', 1, '2025-03-27 17:57:18.189', '2025-03-27 17:57:18.189'),
	(2, 2, 'RETIRADA DE LOJA', 1, '2025-03-27 17:58:01.463', '2025-03-27 17:58:01.463'),
	(3, 3, 'ENTRE TESOURARIAS', 1, '2025-03-27 17:58:12.532', '2025-03-27 17:58:12.532'),
	(4, 4, 'SANTANDER', 1, '2025-03-27 17:58:17.505', '2025-03-27 17:58:17.505'),
	(5, 5, 'SERET BB', 1, '2025-03-27 17:58:23.767', '2025-03-27 17:58:23.767');

-- Copiando estrutura para tabela system_crednosso.typeorder
CREATE TABLE IF NOT EXISTS `typeorder` (
  `id` int(11) NOT NULL AUTO_INCREMENT,
  `id_system` int(11) NOT NULL,
  `name` varchar(191) NOT NULL,
  `status` tinyint(1) NOT NULL DEFAULT 1,
  `createdAt` datetime(3) NOT NULL DEFAULT current_timestamp(3),
  `updatedAt` datetime(3) NOT NULL DEFAULT current_timestamp(3),
  PRIMARY KEY (`id`),
  UNIQUE KEY `TypeOrder_name_key` (`name`)
) ENGINE=InnoDB AUTO_INCREMENT=3 DEFAULT CHARSET=utf8mb4 COLLATE=utf8mb4_unicode_ci;

-- Copiando dados para a tabela system_crednosso.typeorder: ~2 rows (aproximadamente)
INSERT INTO `typeorder` (`id`, `id_system`, `name`, `status`, `createdAt`, `updatedAt`) VALUES
	(1, 1, 'EVENTUAL', 1, '2025-03-27 17:56:28.734', '2025-03-27 17:56:28.734'),
	(2, 2, 'FOLHA', 1, '2025-03-27 17:56:41.367', '2025-03-27 17:56:41.367');

-- Copiando estrutura para tabela system_crednosso.typestore
CREATE TABLE IF NOT EXISTS `typestore` (
  `id` int(11) NOT NULL AUTO_INCREMENT,
  `name` varchar(191) NOT NULL,
  `status` tinyint(1) NOT NULL DEFAULT 1,
  `createdAt` datetime(3) NOT NULL DEFAULT current_timestamp(3),
  `updatedAt` datetime(3) NOT NULL DEFAULT current_timestamp(3),
  PRIMARY KEY (`id`),
  UNIQUE KEY `typeStore_name_key` (`name`)
) ENGINE=InnoDB AUTO_INCREMENT=3 DEFAULT CHARSET=utf8mb4 COLLATE=utf8mb4_unicode_ci;

-- Copiando dados para a tabela system_crednosso.typestore: ~2 rows (aproximadamente)
INSERT INTO `typestore` (`id`, `name`, `status`, `createdAt`, `updatedAt`) VALUES
	(1, 'MATEUS', 1, '2025-03-27 17:42:08.852', '2025-03-27 17:42:08.852'),
	(2, 'POSTERUS', 1, '2025-03-27 17:43:09.243', '2025-03-27 17:43:09.243');

-- Copiando estrutura para tabela system_crednosso.typesupply
CREATE TABLE IF NOT EXISTS `typesupply` (
  `id` int(11) NOT NULL AUTO_INCREMENT,
  `name` varchar(191) NOT NULL,
  `status` tinyint(1) NOT NULL DEFAULT 1,
  `createdAt` datetime(3) NOT NULL DEFAULT current_timestamp(3),
  `updatedAt` datetime(3) NOT NULL DEFAULT current_timestamp(3),
  PRIMARY KEY (`id`),
  UNIQUE KEY `TypeSupply_name_key` (`name`)
) ENGINE=InnoDB AUTO_INCREMENT=3 DEFAULT CHARSET=utf8mb4 COLLATE=utf8mb4_unicode_ci;

-- Copiando dados para a tabela system_crednosso.typesupply: ~2 rows (aproximadamente)
INSERT INTO `typesupply` (`id`, `name`, `status`, `createdAt`, `updatedAt`) VALUES
	(1, 'TRANSPORTADORA', 1, '2025-03-27 17:53:04.397', '2025-03-27 17:53:04.397'),
	(2, 'LOJA', 1, '2025-03-27 17:53:28.158', '2025-03-27 17:53:28.158');

-- Copiando estrutura para tabela system_crednosso.user
CREATE TABLE IF NOT EXISTS `user` (
  `id` int(11) NOT NULL AUTO_INCREMENT,
  `name` varchar(191) NOT NULL,
  `slug` varchar(191) NOT NULL,
  `email` varchar(191) NOT NULL,
  `password` varchar(191) NOT NULL,
  `status` tinyint(1) NOT NULL DEFAULT 1,
  `createdAt` datetime(3) NOT NULL DEFAULT current_timestamp(3),
  `updatedAt` datetime(3) NOT NULL DEFAULT current_timestamp(3),
  PRIMARY KEY (`id`),
  UNIQUE KEY `User_slug_key` (`slug`),
  UNIQUE KEY `User_email_key` (`email`)
) ENGINE=InnoDB AUTO_INCREMENT=2 DEFAULT CHARSET=utf8mb4 COLLATE=utf8mb4_unicode_ci;

-- Copiando dados para a tabela system_crednosso.user: ~1 rows (aproximadamente)
INSERT INTO `user` (`id`, `name`, `slug`, `email`, `password`, `status`, `createdAt`, `updatedAt`) VALUES
	(1, 'Tarcisio Silva', 'tarcisio-silva', 'tarcisio101093@gmail.com', '$2b$10$htr0HhZHZWCyIQbf2Q3.ouEuGOTDk/EREY/9PwEP1tVkREaY29qZ.', 1, '2025-03-27 17:40:30.428', '2025-03-27 17:40:30.428');

-- Copiando estrutura para tabela system_crednosso._prisma_migrations
CREATE TABLE IF NOT EXISTS `_prisma_migrations` (
  `id` varchar(36) NOT NULL,
  `checksum` varchar(64) NOT NULL,
  `finished_at` datetime(3) DEFAULT NULL,
  `migration_name` varchar(255) NOT NULL,
  `logs` text DEFAULT NULL,
  `rolled_back_at` datetime(3) DEFAULT NULL,
  `started_at` datetime(3) NOT NULL DEFAULT current_timestamp(3),
  `applied_steps_count` int(10) unsigned NOT NULL DEFAULT 0,
  PRIMARY KEY (`id`)
) ENGINE=InnoDB DEFAULT CHARSET=utf8mb4 COLLATE=utf8mb4_unicode_ci;

-- Copiando dados para a tabela system_crednosso._prisma_migrations: ~15 rows (aproximadamente)
INSERT INTO `_prisma_migrations` (`id`, `checksum`, `finished_at`, `migration_name`, `logs`, `rolled_back_at`, `started_at`, `applied_steps_count`) VALUES
	('05a4a050-a132-41c1-97ff-e90d69508c16', 'a52779472266f28bcee3ecb922119c393f19fd3ae2ae56c1c7eaaf4e857743ba', '2025-03-26 23:05:54.638', '20250304180055_include_observation_in_order', NULL, NULL, '2025-03-26 23:05:54.629', 1),
	('16db3879-7905-4118-b6c2-4aa118368abb', 'f6c6980fb94d5f4f1147e269b169e9f092e5e2c08994430b56941923e89bce73', '2025-03-26 23:05:54.270', '20250228140915_include_relation_in_type_supply_and_treasury', NULL, NULL, '2025-03-26 23:05:54.208', 1),
	('3e6ec0b4-6e06-4400-9700-ba9aea080d42', '654970ebcbe8a756c276264facd7c85599844fc4808a02fe9dba3a27eb7bff2d', '2025-03-26 23:05:55.060', '20250325131642_include_id_system_atm_on_unique', NULL, NULL, '2025-03-26 23:05:55.046', 1),
	('42172173-24ae-4249-9a74-6899380dca10', 'e79763d58c4962f4de22a98b92f06ac6fbbf23d88c609ef151b6d80c073e6fae', '2025-03-26 23:05:55.045', '20250317211741_include_model_supply_and_createdat_and_updatedat_in_all_models', NULL, NULL, '2025-03-26 23:05:54.921', 1),
	('506613e1-0414-4970-bcbc-2903be2f3904', 'ea4c545520d330c5f99a3d393b2dc54baf783251d678b4e5eb349c83b74a1350', '2025-03-26 23:05:54.286', '20250228164010_include_field_enanbled_gmcore_in_treasury', NULL, NULL, '2025-03-26 23:05:54.271', 1),
	('59ae164b-16ed-4e16-83e9-74da057ff1d1', 'fc76170d7befb106bd2caba972353f75c8818c8a6ce1c8e09a8ffe95ce812861', '2025-03-26 23:05:54.207', '20250228134031_alter_filds_in_trreasury_and_atm', NULL, NULL, '2025-03-26 23:05:54.182', 1),
	('60102547-5144-4b7a-9e3d-f4f452dbc4f2', '4d144c88e0875e0c8d13d9149ac6971890bb2b288b229cfa2627cc0cde524008', '2025-03-26 23:05:54.613', '20250303184720_include_field_observation_in_model_order', NULL, NULL, '2025-03-26 23:05:54.602', 1),
	('83361a61-3db7-4611-9889-a07595cf8379', 'b6529a62d29f18c40bc31bfccb94662c99054b160ba2e391ce263c1ba7e8e60a', '2025-03-26 23:05:54.600', '20250303184603_implement_model_order_ans_status_order', NULL, NULL, '2025-03-26 23:05:54.288', 1),
	('891a26a1-efd4-4e38-84ae-d8aff6be59f5', 'ee8e93a4333a2ebd311d13c70de200d5621ddc97743e8668d81f44b6e05d913a', '2025-03-28 17:36:27.011', '20250328173626_include_field_ate_in_model_supply', NULL, NULL, '2025-03-28 17:36:26.998', 1),
	('914186bc-428a-4998-a7d7-6a215837f46e', '2c439e83de52a0800207fb0a533a8f71f8e0fdfeefec330350d6b69de1ebc8ab', '2025-03-26 23:05:55.121', '20250326230322_update_supply_relation', NULL, NULL, '2025-03-26 23:05:55.062', 1),
	('92a911ec-e754-4489-8ae4-9ecf4b3ef6a7', 'f33a205e47a62965aeea4a1186d53d56ed5b1f901c0356faf5bab2d03da30565', '2025-03-26 23:05:54.180', '20250228121401_init', NULL, NULL, '2025-03-26 23:05:53.854', 1),
	('b28ef386-e543-4165-b179-438ebc8f6bb2', 'ebe97ce029bfb9a607ec8cca1a022ccc944508ff4139bb4d6e25da5faceb712e', '2025-03-26 23:05:54.817', '20250307181540_alter_infos', NULL, NULL, '2025-03-26 23:05:54.733', 1),
	('bd7137f7-3aee-48cb-beca-5a3356574b3f', 'a994464f72bf6761a3b55f90e514ab5e08fce784464f44f7773c9865c6f1c25d', '2025-03-26 23:05:54.731', '20250307181229_include_type_store', NULL, NULL, '2025-03-26 23:05:54.641', 1),
	('dc6c8163-04e6-4564-8426-436dcb9d3ab8', '852ef412be91288fe06d3d155adeae2d3b85345041cc61db98b6c3a55aef59ff', '2025-03-26 23:05:54.627', '20250303204119_ajusts_in_model_order', NULL, NULL, '2025-03-26 23:05:54.615', 1),
	('f22082f9-1a2c-434c-8959-cc3961eddb97', '0b85489abd535023b62490d511fa27aa7a429c2cee6e5b6ede48724fc53e1c05', '2025-03-26 23:05:54.918', '20250307184050_ajust_name_type_store', NULL, NULL, '2025-03-26 23:05:54.819', 1);

/*!40103 SET TIME_ZONE=IFNULL(@OLD_TIME_ZONE, 'system') */;
/*!40101 SET SQL_MODE=IFNULL(@OLD_SQL_MODE, '') */;
/*!40014 SET FOREIGN_KEY_CHECKS=IFNULL(@OLD_FOREIGN_KEY_CHECKS, 1) */;
/*!40101 SET CHARACTER_SET_CLIENT=@OLD_CHARACTER_SET_CLIENT */;
/*!40111 SET SQL_NOTES=IFNULL(@OLD_SQL_NOTES, 1) */;
